Program,Year,Geo Level,State,type,items,units,Value,CV (%)
CENSUS,2021,NATIONAL,US TOTAL, ORGANIC - ACRES HARVESTED,NA,NA,"5,301",43.5
CENSUS,2021,NATIONAL,US TOTAL, ORGANIC - OPERATIONS WITH AREA HARVESTED,NA,NA,546,6.3
CENSUS,2021,NATIONAL,US TOTAL, ORGANIC - OPERATIONS WITH SALES,NA,NA,546,6.3
CENSUS,2021,NATIONAL,US TOTAL, ORGANIC - PRODUCTION, MEASURED IN CWT,NA,"1,495,299",51.2
CENSUS,2021,NATIONAL,US TOTAL, ORGANIC - SALES, MEASURED IN $,NA,"335,964,420",45.7
CENSUS,2021,NATIONAL,US TOTAL, ORGANIC - SALES, MEASURED IN CWT,NA,"1,494,673",51.3
CENSUS,2021,NATIONAL,US TOTAL, ORGANIC, FRESH MARKET - OPERATIONS WITH SALES,NA,540,6.3
CENSUS,2021,NATIONAL,US TOTAL, ORGANIC, FRESH MARKET - SALES, $,(D),(D)
CENSUS,2021,NATIONAL,US TOTAL, ORGANIC, FRESH MARKET - SALES, CWT,"1,483,234",50.3
CENSUS,2021,NATIONAL,US TOTAL, ORGANIC, PROCESSING - OPERATIONS WITH SALES,NA,18,24.9
CENSUS,2021,NATIONAL,US TOTAL, ORGANIC, PROCESSING - SALES, $,(D),(D)
CENSUS,2021,NATIONAL,US TOTAL, ORGANIC, PROCESSING - SALES, CWT,"11,440",(H)
CENSUS,2021,STATE,ALASKA, ORGANIC - ACRES HARVESTED,NA,NA,(D),(D)
CENSUS,2021,STATE,ALASKA, ORGANIC - OPERATIONS WITH AREA HARVESTED,NA,NA,2,(H)
CENSUS,2021,STATE,ALASKA, ORGANIC - OPERATIONS WITH SALES,NA,NA,2,(H)
CENSUS,2021,STATE,ALASKA, ORGANIC - PRODUCTION, MEASURED IN CWT,NA,(D),(D)
CENSUS,2021,STATE,ALASKA, ORGANIC - SALES, MEASURED IN $,NA,(D),(D)
CENSUS,2021,STATE,ALASKA, ORGANIC - SALES, MEASURED IN CWT,NA,(D),(D)
CENSUS,2021,STATE,ALASKA, ORGANIC, FRESH MARKET - OPERATIONS WITH SALES,NA,2,(H)
CENSUS,2021,STATE,ALASKA, ORGANIC, FRESH MARKET - SALES, $,(D),(D)
CENSUS,2021,STATE,ALASKA, ORGANIC, FRESH MARKET - SALES, CWT,(D),(D)
CENSUS,2021,STATE,CALIFORNIA, ORGANIC - ACRES HARVESTED,NA,NA,"4,228",45.7
CENSUS,2021,STATE,CALIFORNIA, ORGANIC - OPERATIONS WITH AREA HARVESTED,NA,NA,142,19.2
CENSUS,2021,STATE,CALIFORNIA, ORGANIC - OPERATIONS WITH SALES,NA,NA,142,19.2
CENSUS,2021,STATE,CALIFORNIA, ORGANIC - PRODUCTION, MEASURED IN CWT,NA,"1,413,251",51.6
CENSUS,2021,STATE,CALIFORNIA, ORGANIC - SALES, MEASURED IN $,NA,"311,784,980",46.0
CENSUS,2021,STATE,CALIFORNIA, ORGANIC - SALES, MEASURED IN CWT,NA,"1,412,627",51.7
CENSUS,2021,STATE,CALIFORNIA, ORGANIC, FRESH MARKET - OPERATIONS WITH SALES,NA,141,20.4
CENSUS,2021,STATE,CALIFORNIA, ORGANIC, FRESH MARKET - SALES, $,(D),(D)
CENSUS,2021,STATE,CALIFORNIA, ORGANIC, FRESH MARKET - SALES, CWT,"1,401,384",50.6
CENSUS,2021,STATE,CALIFORNIA, ORGANIC, PROCESSING - OPERATIONS WITH SALES,NA,7,60.0
CENSUS,2021,STATE,CALIFORNIA, ORGANIC, PROCESSING - SALES, $,(D),(D)
CENSUS,2021,STATE,CALIFORNIA, ORGANIC, PROCESSING - SALES, CWT,"11,244",(H)
CENSUS,2021,STATE,CONNECTICUT, ORGANIC - ACRES HARVESTED,NA,NA,3,(H)
CENSUS,2021,STATE,CONNECTICUT, ORGANIC - OPERATIONS WITH AREA HARVESTED,NA,NA,8,74.4
CENSUS,2021,STATE,CONNECTICUT, ORGANIC - OPERATIONS WITH SALES,NA,NA,8,74.4
CENSUS,2021,STATE,CONNECTICUT, ORGANIC - PRODUCTION, MEASURED IN CWT,NA,183,(H)
CENSUS,2021,STATE,CONNECTICUT, ORGANIC - SALES, MEASURED IN $,NA,"40,890",(H)
CENSUS,2021,STATE,CONNECTICUT, ORGANIC - SALES, MEASURED IN CWT,NA,183,(H)
CENSUS,2021,STATE,CONNECTICUT, ORGANIC, FRESH MARKET - OPERATIONS WITH SALES,NA,8,74.4
CENSUS,2021,STATE,CONNECTICUT, ORGANIC, FRESH MARKET - SALES, $,"40,890",(H)
CENSUS,2021,STATE,CONNECTICUT, ORGANIC, FRESH MARKET - SALES, CWT,183,(H)
CENSUS,2021,STATE,FLORIDA, ORGANIC - ACRES HARVESTED,NA,NA,704,99.8
CENSUS,2021,STATE,FLORIDA, ORGANIC - OPERATIONS WITH AREA HARVESTED,NA,NA,10,57.3
CENSUS,2021,STATE,FLORIDA, ORGANIC - OPERATIONS WITH SALES,NA,NA,10,57.3
CENSUS,2021,STATE,FLORIDA, ORGANIC - PRODUCTION, MEASURED IN CWT,NA,"67,146",(H)
CENSUS,2021,STATE,FLORIDA, ORGANIC - SALES, MEASURED IN $,NA,"18,358,396",(H)
CENSUS,2021,STATE,FLORIDA, ORGANIC - SALES, MEASURED IN CWT,NA,"67,146",(H)
CENSUS,2021,STATE,FLORIDA, ORGANIC, FRESH MARKET - OPERATIONS WITH SALES,NA,10,57.3
CENSUS,2021,STATE,FLORIDA, ORGANIC, FRESH MARKET - SALES, $,"18,358,396",(H)
CENSUS,2021,STATE,FLORIDA, ORGANIC, FRESH MARKET - SALES, CWT,"67,146",(H)
CENSUS,2021,STATE,GEORGIA, ORGANIC - ACRES HARVESTED,NA,NA,1,92.4
CENSUS,2021,STATE,GEORGIA, ORGANIC - OPERATIONS WITH AREA HARVESTED,NA,NA,4,80.4
CENSUS,2021,STATE,GEORGIA, ORGANIC - OPERATIONS WITH SALES,NA,NA,4,80.4
CENSUS,2021,STATE,GEORGIA, ORGANIC - PRODUCTION, MEASURED IN CWT,NA,19,78.0
CENSUS,2021,STATE,GEORGIA, ORGANIC - SALES, MEASURED IN $,NA,"11,600",77.8
CENSUS,2021,STATE,GEORGIA, ORGANIC - SALES, MEASURED IN CWT,NA,19,78.0
CENSUS,2021,STATE,GEORGIA, ORGANIC, FRESH MARKET - OPERATIONS WITH SALES,NA,4,80.4
CENSUS,2021,STATE,GEORGIA, ORGANIC, FRESH MARKET - SALES, $,"11,600",77.8
CENSUS,2021,STATE,GEORGIA, ORGANIC, FRESH MARKET - SALES, CWT,19,78.0
CENSUS,2021,STATE,IDAHO, ORGANIC - ACRES HARVESTED,NA,NA,7,87.5
CENSUS,2021,STATE,IDAHO, ORGANIC - OPERATIONS WITH AREA HARVESTED,NA,NA,6,53.2
CENSUS,2021,STATE,IDAHO, ORGANIC - OPERATIONS WITH SALES,NA,NA,6,53.2
CENSUS,2021,STATE,IDAHO, ORGANIC - PRODUCTION, MEASURED IN CWT,NA,111,71.4
CENSUS,2021,STATE,IDAHO, ORGANIC - SALES, MEASURED IN $,NA,"31,680",74.1
CENSUS,2021,STATE,IDAHO, ORGANIC - SALES, MEASURED IN CWT,NA,111,71.4
CENSUS,2021,STATE,IDAHO, ORGANIC, FRESH MARKET - OPERATIONS WITH SALES,NA,6,53.2
CENSUS,2021,STATE,IDAHO, ORGANIC, FRESH MARKET - SALES, $,"31,680",74.1
CENSUS,2021,STATE,IDAHO, ORGANIC, FRESH MARKET - SALES, CWT,111,71.4
CENSUS,2021,STATE,ILLINOIS, ORGANIC - ACRES HARVESTED,NA,NA,1,95.4
CENSUS,2021,STATE,ILLINOIS, ORGANIC - OPERATIONS WITH AREA HARVESTED,NA,NA,5,95.4
CENSUS,2021,STATE,ILLINOIS, ORGANIC - OPERATIONS WITH SALES,NA,NA,5,95.4
CENSUS,2021,STATE,ILLINOIS, ORGANIC - PRODUCTION, MEASURED IN CWT,NA,53,94.9
CENSUS,2021,STATE,ILLINOIS, ORGANIC - SALES, MEASURED IN $,NA,"16,000",95.0
CENSUS,2021,STATE,ILLINOIS, ORGANIC - SALES, MEASURED IN CWT,NA,53,94.9
CENSUS,2021,STATE,ILLINOIS, ORGANIC, FRESH MARKET - OPERATIONS WITH SALES,NA,5,95.4
CENSUS,2021,STATE,ILLINOIS, ORGANIC, FRESH MARKET - SALES, $,"16,000",95.0
CENSUS,2021,STATE,ILLINOIS, ORGANIC, FRESH MARKET - SALES, CWT,53,94.9
CENSUS,2021,STATE,INDIANA, ORGANIC - ACRES HARVESTED,NA,NA,(D),(D)
CENSUS,2021,STATE,INDIANA, ORGANIC - OPERATIONS WITH AREA HARVESTED,NA,NA,2,(H)
CENSUS,2021,STATE,INDIANA, ORGANIC - OPERATIONS WITH SALES,NA,NA,2,(H)
CENSUS,2021,STATE,INDIANA, ORGANIC - PRODUCTION, MEASURED IN CWT,NA,(D),(D)
CENSUS,2021,STATE,INDIANA, ORGANIC - SALES, MEASURED IN $,NA,(D),(D)
CENSUS,2021,STATE,INDIANA, ORGANIC - SALES, MEASURED IN CWT,NA,(D),(D)
CENSUS,2021,STATE,INDIANA, ORGANIC, FRESH MARKET - OPERATIONS WITH SALES,NA,2,(H)
CENSUS,2021,STATE,INDIANA, ORGANIC, FRESH MARKET - SALES, $,(D),(D)
CENSUS,2021,STATE,INDIANA, ORGANIC, FRESH MARKET - SALES, CWT,(D),(D)
CENSUS,2021,STATE,IOWA, ORGANIC - ACRES HARVESTED,NA,NA,(D),(D)
CENSUS,2021,STATE,IOWA, ORGANIC - OPERATIONS WITH AREA HARVESTED,NA,NA,6,97.5
CENSUS,2021,STATE,IOWA, ORGANIC - OPERATIONS WITH SALES,NA,NA,6,97.5
CENSUS,2021,STATE,IOWA, ORGANIC - PRODUCTION, MEASURED IN CWT,NA,74,96.4
CENSUS,2021,STATE,IOWA, ORGANIC - SALES, MEASURED IN $,NA,(D),(D)
CENSUS,2021,STATE,IOWA, ORGANIC - SALES, MEASURED IN CWT,NA,74,96.4
CENSUS,2021,STATE,IOWA, ORGANIC, FRESH MARKET - OPERATIONS WITH SALES,NA,6,97.5
CENSUS,2021,STATE,IOWA, ORGANIC, FRESH MARKET - SALES, $,(D),(D)
CENSUS,2021,STATE,IOWA, ORGANIC, FRESH MARKET - SALES, CWT,74,96.4
CENSUS,2021,STATE,KENTUCKY, ORGANIC - ACRES HARVESTED,NA,NA,5,76.0
CENSUS,2021,STATE,KENTUCKY, ORGANIC - OPERATIONS WITH AREA HARVESTED,NA,NA,12,69.1
CENSUS,2021,STATE,KENTUCKY, ORGANIC - OPERATIONS WITH SALES,NA,NA,12,69.1
CENSUS,2021,STATE,KENTUCKY, ORGANIC - PRODUCTION, MEASURED IN CWT,NA,62,72.0
CENSUS,2021,STATE,KENTUCKY, ORGANIC - SALES, MEASURED IN $,NA,"30,828",72.0
CENSUS,2021,STATE,KENTUCKY, ORGANIC - SALES, MEASURED IN CWT,NA,62,72.0
CENSUS,2021,STATE,KENTUCKY, ORGANIC, FRESH MARKET - OPERATIONS WITH SALES,NA,12,69.1
CENSUS,2021,STATE,KENTUCKY, ORGANIC, FRESH MARKET - SALES, $,"30,828",72.0
CENSUS,2021,STATE,KENTUCKY, ORGANIC, FRESH MARKET - SALES, CWT,62,72.0
CENSUS,2021,STATE,LOUISIANA, ORGANIC - ACRES HARVESTED,NA,NA,(D),(D)
CENSUS,2021,STATE,LOUISIANA, ORGANIC - OPERATIONS WITH AREA HARVESTED,NA,NA,2,(H)
CENSUS,2021,STATE,LOUISIANA, ORGANIC - OPERATIONS WITH SALES,NA,NA,2,(H)
CENSUS,2021,STATE,LOUISIANA, ORGANIC - PRODUCTION, MEASURED IN CWT,NA,(D),(D)
CENSUS,2021,STATE,LOUISIANA, ORGANIC - SALES, MEASURED IN $,NA,(D),(D)
CENSUS,2021,STATE,LOUISIANA, ORGANIC - SALES, MEASURED IN CWT,NA,(D),(D)
CENSUS,2021,STATE,LOUISIANA, ORGANIC, FRESH MARKET - OPERATIONS WITH SALES,NA,2,(H)
CENSUS,2021,STATE,LOUISIANA, ORGANIC, FRESH MARKET - SALES, $,(D),(D)
CENSUS,2021,STATE,LOUISIANA, ORGANIC, FRESH MARKET - SALES, CWT,(D),(D)
CENSUS,2021,STATE,MAINE, ORGANIC - ACRES HARVESTED,NA,NA,11,62.4
CENSUS,2021,STATE,MAINE, ORGANIC - OPERATIONS WITH AREA HARVESTED,NA,NA,16,38.4
CENSUS,2021,STATE,MAINE, ORGANIC - OPERATIONS WITH SALES,NA,NA,16,38.4
CENSUS,2021,STATE,MAINE, ORGANIC - PRODUCTION, MEASURED IN CWT,NA,504,(H)
CENSUS,2021,STATE,MAINE, ORGANIC - SALES, MEASURED IN $,NA,"174,980",(H)
CENSUS,2021,STATE,MAINE, ORGANIC - SALES, MEASURED IN CWT,NA,504,(H)
CENSUS,2021,STATE,MAINE, ORGANIC, FRESH MARKET - OPERATIONS WITH SALES,NA,16,38.4
CENSUS,2021,STATE,MAINE, ORGANIC, FRESH MARKET - SALES, $,"174,980",(H)
CENSUS,2021,STATE,MAINE, ORGANIC, FRESH MARKET - SALES, CWT,504,(H)
CENSUS,2021,STATE,MARYLAND, ORGANIC - ACRES HARVESTED,NA,NA,3,31.6
CENSUS,2021,STATE,MARYLAND, ORGANIC - OPERATIONS WITH AREA HARVESTED,NA,NA,17,31.1
CENSUS,2021,STATE,MARYLAND, ORGANIC - OPERATIONS WITH SALES,NA,NA,17,31.1
CENSUS,2021,STATE,MARYLAND, ORGANIC - PRODUCTION, MEASURED IN CWT,NA,127,35.4
CENSUS,2021,STATE,MARYLAND, ORGANIC - SALES, MEASURED IN $,NA,"53,810",42.8
CENSUS,2021,STATE,MARYLAND, ORGANIC - SALES, MEASURED IN CWT,NA,127,35.4
CENSUS,2021,STATE,MARYLAND, ORGANIC, FRESH MARKET - OPERATIONS WITH SALES,NA,17,31.1
CENSUS,2021,STATE,MARYLAND, ORGANIC, FRESH MARKET - SALES, $,(D),(D)
CENSUS,2021,STATE,MARYLAND, ORGANIC, FRESH MARKET - SALES, CWT,(D),(D)
CENSUS,2021,STATE,MARYLAND, ORGANIC, PROCESSING - OPERATIONS WITH SALES,NA,2,(H)
CENSUS,2021,STATE,MARYLAND, ORGANIC, PROCESSING - SALES, $,(D),(D)
CENSUS,2021,STATE,MARYLAND, ORGANIC, PROCESSING - SALES, CWT,(D),(D)
CENSUS,2021,STATE,MASSACHUSETTS, ORGANIC - ACRES HARVESTED,NA,NA,9,89.6
CENSUS,2021,STATE,MASSACHUSETTS, ORGANIC - OPERATIONS WITH AREA HARVESTED,NA,NA,12,79.2
CENSUS,2021,STATE,MASSACHUSETTS, ORGANIC - OPERATIONS WITH SALES,NA,NA,12,79.2
CENSUS,2021,STATE,MASSACHUSETTS, ORGANIC - PRODUCTION, MEASURED IN CWT,NA,251,76.5
CENSUS,2021,STATE,MASSACHUSETTS, ORGANIC - SALES, MEASURED IN $,NA,"94,827",80.1
CENSUS,2021,STATE,MASSACHUSETTS, ORGANIC - SALES, MEASURED IN CWT,NA,251,76.5
CENSUS,2021,STATE,MASSACHUSETTS, ORGANIC, FRESH MARKET - OPERATIONS WITH SALES,NA,12,79.2
CENSUS,2021,STATE,MASSACHUSETTS, ORGANIC, FRESH MARKET - SALES, $,"94,827",80.1
CENSUS,2021,STATE,MASSACHUSETTS, ORGANIC, FRESH MARKET - SALES, CWT,251,76.5
CENSUS,2021,STATE,MICHIGAN, ORGANIC - ACRES HARVESTED,NA,NA,15,47.2
CENSUS,2021,STATE,MICHIGAN, ORGANIC - OPERATIONS WITH AREA HARVESTED,NA,NA,26,32.5
CENSUS,2021,STATE,MICHIGAN, ORGANIC - OPERATIONS WITH SALES,NA,NA,26,32.5
CENSUS,2021,STATE,MICHIGAN, ORGANIC - PRODUCTION, MEASURED IN CWT,NA,564,43.9
CENSUS,2021,STATE,MICHIGAN, ORGANIC - SALES, MEASURED IN $,NA,"174,011",44.1
CENSUS,2021,STATE,MICHIGAN, ORGANIC - SALES, MEASURED IN CWT,NA,564,43.9
CENSUS,2021,STATE,MICHIGAN, ORGANIC, FRESH MARKET - OPERATIONS WITH SALES,NA,26,32.5
CENSUS,2021,STATE,MICHIGAN, ORGANIC, FRESH MARKET - SALES, $,"174,011",44.1
CENSUS,2021,STATE,MICHIGAN, ORGANIC, FRESH MARKET - SALES, CWT,564,43.9
CENSUS,2021,STATE,MINNESOTA, ORGANIC - ACRES HARVESTED,NA,NA,19,45.8
CENSUS,2021,STATE,MINNESOTA, ORGANIC - OPERATIONS WITH AREA HARVESTED,NA,NA,21,39.5
CENSUS,2021,STATE,MINNESOTA, ORGANIC - OPERATIONS WITH SALES,NA,NA,21,39.5
CENSUS,2021,STATE,MINNESOTA, ORGANIC - PRODUCTION, MEASURED IN CWT,NA,749,54.0
CENSUS,2021,STATE,MINNESOTA, ORGANIC - SALES, MEASURED IN $,NA,"418,914",62.4
CENSUS,2021,STATE,MINNESOTA, ORGANIC - SALES, MEASURED IN CWT,NA,749,54.0
CENSUS,2021,STATE,MINNESOTA, ORGANIC, FRESH MARKET - OPERATIONS WITH SALES,NA,18,43.6
CENSUS,2021,STATE,MINNESOTA, ORGANIC, FRESH MARKET - SALES, $,(D),(D)
CENSUS,2021,STATE,MINNESOTA, ORGANIC, FRESH MARKET - SALES, CWT,659,62.9
CENSUS,2021,STATE,MINNESOTA, ORGANIC, PROCESSING - OPERATIONS WITH SALES,NA,3,95.4
CENSUS,2021,STATE,MINNESOTA, ORGANIC, PROCESSING - SALES, $,(D),(D)
CENSUS,2021,STATE,MINNESOTA, ORGANIC, PROCESSING - SALES, CWT,90,95.4
CENSUS,2021,STATE,MONTANA, ORGANIC - ACRES HARVESTED,NA,NA,5,71.5
CENSUS,2021,STATE,MONTANA, ORGANIC - OPERATIONS WITH AREA HARVESTED,NA,NA,11,43.6
CENSUS,2021,STATE,MONTANA, ORGANIC - OPERATIONS WITH SALES,NA,NA,11,43.6
CENSUS,2021,STATE,MONTANA, ORGANIC - PRODUCTION, MEASURED IN CWT,NA,96,73.5
CENSUS,2021,STATE,MONTANA, ORGANIC - SALES, MEASURED IN $,NA,"80,886",74.8
CENSUS,2021,STATE,MONTANA, ORGANIC - SALES, MEASURED IN CWT,NA,96,73.5
CENSUS,2021,STATE,MONTANA, ORGANIC, FRESH MARKET - OPERATIONS WITH SALES,NA,11,43.6
CENSUS,2021,STATE,MONTANA, ORGANIC, FRESH MARKET - SALES, $,"80,886",74.8
CENSUS,2021,STATE,MONTANA, ORGANIC, FRESH MARKET - SALES, CWT,96,73.5
CENSUS,2021,STATE,NEBRASKA, ORGANIC - ACRES HARVESTED,NA,NA,(D),(D)
CENSUS,2021,STATE,NEBRASKA, ORGANIC - OPERATIONS WITH AREA HARVESTED,NA,NA,1,(H)
CENSUS,2021,STATE,NEBRASKA, ORGANIC - OPERATIONS WITH SALES,NA,NA,1,(H)
CENSUS,2021,STATE,NEBRASKA, ORGANIC - PRODUCTION, MEASURED IN CWT,NA,(D),(D)
CENSUS,2021,STATE,NEBRASKA, ORGANIC - SALES, MEASURED IN $,NA,(D),(D)
CENSUS,2021,STATE,NEBRASKA, ORGANIC - SALES, MEASURED IN CWT,NA,(D),(D)
CENSUS,2021,STATE,NEBRASKA, ORGANIC, FRESH MARKET - OPERATIONS WITH SALES,NA,1,(H)
CENSUS,2021,STATE,NEBRASKA, ORGANIC, FRESH MARKET - SALES, $,(D),(D)
CENSUS,2021,STATE,NEBRASKA, ORGANIC, FRESH MARKET - SALES, CWT,(D),(D)
CENSUS,2021,STATE,NEW HAMPSHIRE, ORGANIC - ACRES HARVESTED,NA,NA,6,(H)
CENSUS,2021,STATE,NEW HAMPSHIRE, ORGANIC - OPERATIONS WITH AREA HARVESTED,NA,NA,9,58.7
CENSUS,2021,STATE,NEW HAMPSHIRE, ORGANIC - OPERATIONS WITH SALES,NA,NA,9,58.7
CENSUS,2021,STATE,NEW HAMPSHIRE, ORGANIC - PRODUCTION, MEASURED IN CWT,NA,132,(H)
CENSUS,2021,STATE,NEW HAMPSHIRE, ORGANIC - SALES, MEASURED IN $,NA,"52,665",(H)
CENSUS,2021,STATE,NEW HAMPSHIRE, ORGANIC - SALES, MEASURED IN CWT,NA,132,(H)
CENSUS,2021,STATE,NEW HAMPSHIRE, ORGANIC, FRESH MARKET - OPERATIONS WITH SALES,NA,9,58.7
CENSUS,2021,STATE,NEW HAMPSHIRE, ORGANIC, FRESH MARKET - SALES, $,"52,665",(H)
CENSUS,2021,STATE,NEW HAMPSHIRE, ORGANIC, FRESH MARKET - SALES, CWT,132,(H)
CENSUS,2021,STATE,NEW JERSEY, ORGANIC - ACRES HARVESTED,NA,NA,(D),(D)
CENSUS,2021,STATE,NEW JERSEY, ORGANIC - OPERATIONS WITH AREA HARVESTED,NA,NA,3,(H)
CENSUS,2021,STATE,NEW JERSEY, ORGANIC - OPERATIONS WITH SALES,NA,NA,3,(H)
CENSUS,2021,STATE,NEW JERSEY, ORGANIC - PRODUCTION, MEASURED IN CWT,NA,(D),(D)
CENSUS,2021,STATE,NEW JERSEY, ORGANIC - SALES, MEASURED IN $,NA,"28,166",(H)
CENSUS,2021,STATE,NEW JERSEY, ORGANIC - SALES, MEASURED IN CWT,NA,(D),(D)
CENSUS,2021,STATE,NEW JERSEY, ORGANIC, FRESH MARKET - OPERATIONS WITH SALES,NA,3,(H)
CENSUS,2021,STATE,NEW JERSEY, ORGANIC, FRESH MARKET - SALES, $,"28,166",(H)
CENSUS,2021,STATE,NEW JERSEY, ORGANIC, FRESH MARKET - SALES, CWT,(D),(D)
CENSUS,2021,STATE,NEW YORK, ORGANIC - ACRES HARVESTED,NA,NA,38,42.2
CENSUS,2021,STATE,NEW YORK, ORGANIC - OPERATIONS WITH AREA HARVESTED,NA,NA,45,26.4
CENSUS,2021,STATE,NEW YORK, ORGANIC - OPERATIONS WITH SALES,NA,NA,45,26.4
CENSUS,2021,STATE,NEW YORK, ORGANIC - PRODUCTION, MEASURED IN CWT,NA,"1,755",32.6
CENSUS,2021,STATE,NEW YORK, ORGANIC - SALES, MEASURED IN $,NA,"633,111",44.5
CENSUS,2021,STATE,NEW YORK, ORGANIC - SALES, MEASURED IN CWT,NA,"1,755",32.6
CENSUS,2021,STATE,NEW YORK, ORGANIC, FRESH MARKET - OPERATIONS WITH SALES,NA,43,25.3
CENSUS,2021,STATE,NEW YORK, ORGANIC, FRESH MARKET - SALES, $,(D),(D)
CENSUS,2021,STATE,NEW YORK, ORGANIC, FRESH MARKET - SALES, CWT,(D),(D)
CENSUS,2021,STATE,NEW YORK, ORGANIC, PROCESSING - OPERATIONS WITH SALES,NA,2,94.9
CENSUS,2021,STATE,NEW YORK, ORGANIC, PROCESSING - SALES, $,(D),(D)
CENSUS,2021,STATE,NEW YORK, ORGANIC, PROCESSING - SALES, CWT,(D),(D)
CENSUS,2021,STATE,NORTH CAROLINA, ORGANIC - ACRES HARVESTED,NA,NA,6,76.7
CENSUS,2021,STATE,NORTH CAROLINA, ORGANIC - OPERATIONS WITH AREA HARVESTED,NA,NA,4,68.3
CENSUS,2021,STATE,NORTH CAROLINA, ORGANIC - OPERATIONS WITH SALES,NA,NA,4,68.3
CENSUS,2021,STATE,NORTH CAROLINA, ORGANIC - PRODUCTION, MEASURED IN CWT,NA,734,89.2
CENSUS,2021,STATE,NORTH CAROLINA, ORGANIC - SALES, MEASURED IN $,NA,"190,000",(H)
CENSUS,2021,STATE,NORTH CAROLINA, ORGANIC - SALES, MEASURED IN CWT,NA,734,89.2
CENSUS,2021,STATE,NORTH CAROLINA, ORGANIC, FRESH MARKET - OPERATIONS WITH SALES,NA,4,68.3
CENSUS,2021,STATE,NORTH CAROLINA, ORGANIC, FRESH MARKET - SALES, $,"190,000",(H)
CENSUS,2021,STATE,NORTH CAROLINA, ORGANIC, FRESH MARKET - SALES, CWT,734,89.2
CENSUS,2021,STATE,OHIO, ORGANIC - ACRES HARVESTED,NA,NA,10,67.5
CENSUS,2021,STATE,OHIO, ORGANIC - OPERATIONS WITH AREA HARVESTED,NA,NA,9,72.1
CENSUS,2021,STATE,OHIO, ORGANIC - OPERATIONS WITH SALES,NA,NA,9,72.1
CENSUS,2021,STATE,OHIO, ORGANIC - PRODUCTION, MEASURED IN CWT,NA,360,68.4
CENSUS,2021,STATE,OHIO, ORGANIC - SALES, MEASURED IN $,NA,"106,638",69.2
CENSUS,2021,STATE,OHIO, ORGANIC - SALES, MEASURED IN CWT,NA,360,68.4
CENSUS,2021,STATE,OHIO, ORGANIC, FRESH MARKET - OPERATIONS WITH SALES,NA,9,72.1
CENSUS,2021,STATE,OHIO, ORGANIC, FRESH MARKET - SALES, $,"106,638",69.2
CENSUS,2021,STATE,OHIO, ORGANIC, FRESH MARKET - SALES, CWT,360,68.4
CENSUS,2021,STATE,OKLAHOMA, ORGANIC - ACRES HARVESTED,NA,NA,(D),(D)
CENSUS,2021,STATE,OKLAHOMA, ORGANIC - OPERATIONS WITH AREA HARVESTED,NA,NA,4,70.4
CENSUS,2021,STATE,OKLAHOMA, ORGANIC - OPERATIONS WITH SALES,NA,NA,4,70.4
CENSUS,2021,STATE,OKLAHOMA, ORGANIC - PRODUCTION, MEASURED IN CWT,NA,"1,858",69.9
CENSUS,2021,STATE,OKLAHOMA, ORGANIC - SALES, MEASURED IN $,NA,(D),(D)
CENSUS,2021,STATE,OKLAHOMA, ORGANIC - SALES, MEASURED IN CWT,NA,"1,858",69.9
CENSUS,2021,STATE,OKLAHOMA, ORGANIC, FRESH MARKET - OPERATIONS WITH SALES,NA,4,70.4
CENSUS,2021,STATE,OKLAHOMA, ORGANIC, FRESH MARKET - SALES, $,(D),(D)
CENSUS,2021,STATE,OKLAHOMA, ORGANIC, FRESH MARKET - SALES, CWT,"1,858",69.9
CENSUS,2021,STATE,OREGON, ORGANIC - ACRES HARVESTED,NA,NA,27,(H)
CENSUS,2021,STATE,OREGON, ORGANIC - OPERATIONS WITH AREA HARVESTED,NA,NA,26,54.2
CENSUS,2021,STATE,OREGON, ORGANIC - OPERATIONS WITH SALES,NA,NA,26,54.2
CENSUS,2021,STATE,OREGON, ORGANIC - PRODUCTION, MEASURED IN CWT,NA,"1,362",84.2
CENSUS,2021,STATE,OREGON, ORGANIC - SALES, MEASURED IN $,NA,"895,054",(H)
CENSUS,2021,STATE,OREGON, ORGANIC - SALES, MEASURED IN CWT,NA,"1,362",84.2
CENSUS,2021,STATE,OREGON, ORGANIC, FRESH MARKET - OPERATIONS WITH SALES,NA,26,54.2
CENSUS,2021,STATE,OREGON, ORGANIC, FRESH MARKET - SALES, $,"895,054",(H)
CENSUS,2021,STATE,OREGON, ORGANIC, FRESH MARKET - SALES, CWT,"1,362",84.2
CENSUS,2021,STATE,PENNSYLVANIA, ORGANIC - ACRES HARVESTED,NA,NA,8,45.7
CENSUS,2021,STATE,PENNSYLVANIA, ORGANIC - OPERATIONS WITH AREA HARVESTED,NA,NA,27,48.1
CENSUS,2021,STATE,PENNSYLVANIA, ORGANIC - OPERATIONS WITH SALES,NA,NA,27,48.1
CENSUS,2021,STATE,PENNSYLVANIA, ORGANIC - PRODUCTION, MEASURED IN CWT,NA,522,49.0
CENSUS,2021,STATE,PENNSYLVANIA, ORGANIC - SALES, MEASURED IN $,NA,"148,898",43.7
CENSUS,2021,STATE,PENNSYLVANIA, ORGANIC - SALES, MEASURED IN CWT,NA,522,49.0
CENSUS,2021,STATE,PENNSYLVANIA, ORGANIC, FRESH MARKET - OPERATIONS WITH SALES,NA,27,48.1
CENSUS,2021,STATE,PENNSYLVANIA, ORGANIC, FRESH MARKET - SALES, $,"148,898",43.7
CENSUS,2021,STATE,PENNSYLVANIA, ORGANIC, FRESH MARKET - SALES, CWT,522,49.0
CENSUS,2021,STATE,RHODE ISLAND, ORGANIC - ACRES HARVESTED,NA,NA,(D),(D)
CENSUS,2021,STATE,RHODE ISLAND, ORGANIC - OPERATIONS WITH AREA HARVESTED,NA,NA,2,(H)
CENSUS,2021,STATE,RHODE ISLAND, ORGANIC - OPERATIONS WITH SALES,NA,NA,2,(H)
CENSUS,2021,STATE,RHODE ISLAND, ORGANIC - PRODUCTION, MEASURED IN CWT,NA,(D),(D)
CENSUS,2021,STATE,RHODE ISLAND, ORGANIC - SALES, MEASURED IN $,NA,(D),(D)
CENSUS,2021,STATE,RHODE ISLAND, ORGANIC - SALES, MEASURED IN CWT,NA,(D),(D)
CENSUS,2021,STATE,RHODE ISLAND, ORGANIC, FRESH MARKET - OPERATIONS WITH SALES,NA,2,(H)
CENSUS,2021,STATE,RHODE ISLAND, ORGANIC, FRESH MARKET - SALES, $,(D),(D)
CENSUS,2021,STATE,RHODE ISLAND, ORGANIC, FRESH MARKET - SALES, CWT,(D),(D)
CENSUS,2021,STATE,SOUTH CAROLINA, ORGANIC - ACRES HARVESTED,NA,NA,(D),(D)
CENSUS,2021,STATE,SOUTH CAROLINA, ORGANIC - OPERATIONS WITH AREA HARVESTED,NA,NA,2,(H)
CENSUS,2021,STATE,SOUTH CAROLINA, ORGANIC - OPERATIONS WITH SALES,NA,NA,2,(H)
CENSUS,2021,STATE,SOUTH CAROLINA, ORGANIC - PRODUCTION, MEASURED IN CWT,NA,(D),(D)
CENSUS,2021,STATE,SOUTH CAROLINA, ORGANIC - SALES, MEASURED IN $,NA,(D),(D)
CENSUS,2021,STATE,SOUTH CAROLINA, ORGANIC - SALES, MEASURED IN CWT,NA,(D),(D)
CENSUS,2021,STATE,SOUTH CAROLINA, ORGANIC, FRESH MARKET - OPERATIONS WITH SALES,NA,2,(H)
CENSUS,2021,STATE,SOUTH CAROLINA, ORGANIC, FRESH MARKET - SALES, $,(D),(D)
CENSUS,2021,STATE,SOUTH CAROLINA, ORGANIC, FRESH MARKET - SALES, CWT,(D),(D)
CENSUS,2021,STATE,SOUTH DAKOTA, ORGANIC - ACRES HARVESTED,NA,NA,(D),(D)
CENSUS,2021,STATE,SOUTH DAKOTA, ORGANIC - OPERATIONS WITH AREA HARVESTED,NA,NA,1,(H)
CENSUS,2021,STATE,SOUTH DAKOTA, ORGANIC - OPERATIONS WITH SALES,NA,NA,1,(H)
CENSUS,2021,STATE,SOUTH DAKOTA, ORGANIC - PRODUCTION, MEASURED IN CWT,NA,(D),(D)
CENSUS,2021,STATE,SOUTH DAKOTA, ORGANIC - SALES, MEASURED IN $,NA,(D),(D)
CENSUS,2021,STATE,SOUTH DAKOTA, ORGANIC - SALES, MEASURED IN CWT,NA,(D),(D)
CENSUS,2021,STATE,SOUTH DAKOTA, ORGANIC, FRESH MARKET - OPERATIONS WITH SALES,NA,1,(H)
CENSUS,2021,STATE,SOUTH DAKOTA, ORGANIC, FRESH MARKET - SALES, $,(D),(D)
CENSUS,2021,STATE,SOUTH DAKOTA, ORGANIC, FRESH MARKET - SALES, CWT,(D),(D)
CENSUS,2021,STATE,TENNESSEE, ORGANIC - ACRES HARVESTED,NA,NA,(D),(D)
CENSUS,2021,STATE,TENNESSEE, ORGANIC - OPERATIONS WITH AREA HARVESTED,NA,NA,1,(H)
CENSUS,2021,STATE,TENNESSEE, ORGANIC - OPERATIONS WITH SALES,NA,NA,1,(H)
CENSUS,2021,STATE,TENNESSEE, ORGANIC - PRODUCTION, MEASURED IN CWT,NA,(D),(D)
CENSUS,2021,STATE,TENNESSEE, ORGANIC - SALES, MEASURED IN $,NA,(D),(D)
CENSUS,2021,STATE,TENNESSEE, ORGANIC - SALES, MEASURED IN CWT,NA,(D),(D)
CENSUS,2021,STATE,TENNESSEE, ORGANIC, FRESH MARKET - OPERATIONS WITH SALES,NA,1,(H)
CENSUS,2021,STATE,TENNESSEE, ORGANIC, FRESH MARKET - SALES, $,(D),(D)
CENSUS,2021,STATE,TENNESSEE, ORGANIC, FRESH MARKET - SALES, CWT,(D),(D)
CENSUS,2021,STATE,VERMONT, ORGANIC - ACRES HARVESTED,NA,NA,33,43.3
CENSUS,2021,STATE,VERMONT, ORGANIC - OPERATIONS WITH AREA HARVESTED,NA,NA,31,38.8
CENSUS,2021,STATE,VERMONT, ORGANIC - OPERATIONS WITH SALES,NA,NA,31,38.8
CENSUS,2021,STATE,VERMONT, ORGANIC - PRODUCTION, MEASURED IN CWT,NA,"1,202",39.1
CENSUS,2021,STATE,VERMONT, ORGANIC - SALES, MEASURED IN $,NA,"480,304",49.7
CENSUS,2021,STATE,VERMONT, ORGANIC - SALES, MEASURED IN CWT,NA,"1,202",39.1
CENSUS,2021,STATE,VERMONT, ORGANIC, FRESH MARKET - OPERATIONS WITH SALES,NA,31,38.8
CENSUS,2021,STATE,VERMONT, ORGANIC, FRESH MARKET - SALES, $,"480,304",49.7
CENSUS,2021,STATE,VERMONT, ORGANIC, FRESH MARKET - SALES, CWT,"1,202",39.1
CENSUS,2021,STATE,WASHINGTON, ORGANIC - ACRES HARVESTED,NA,NA,40,41.1
CENSUS,2021,STATE,WASHINGTON, ORGANIC - OPERATIONS WITH AREA HARVESTED,NA,NA,49,25.1
CENSUS,2021,STATE,WASHINGTON, ORGANIC - OPERATIONS WITH SALES,NA,NA,49,25.1
CENSUS,2021,STATE,WASHINGTON, ORGANIC - PRODUCTION, MEASURED IN CWT,NA,"1,579",53.4
CENSUS,2021,STATE,WASHINGTON, ORGANIC - SALES, MEASURED IN $,NA,"870,017",54.0
CENSUS,2021,STATE,WASHINGTON, ORGANIC - SALES, MEASURED IN CWT,NA,"1,579",53.4
CENSUS,2021,STATE,WASHINGTON, ORGANIC, FRESH MARKET - OPERATIONS WITH SALES,NA,49,25.1
CENSUS,2021,STATE,WASHINGTON, ORGANIC, FRESH MARKET - SALES, $,"863,231",53.8
CENSUS,2021,STATE,WASHINGTON, ORGANIC, FRESH MARKET - SALES, CWT,"1,499",54.0
CENSUS,2021,STATE,WASHINGTON, ORGANIC, PROCESSING - OPERATIONS WITH SALES,NA,4,73.0
CENSUS,2021,STATE,WASHINGTON, ORGANIC, PROCESSING - SALES, $,"6,786",93.9
CENSUS,2021,STATE,WASHINGTON, ORGANIC, PROCESSING - SALES, CWT,80,82.3
CENSUS,2021,STATE,WEST VIRGINIA, ORGANIC - ACRES HARVESTED,NA,NA,(D),(D)
CENSUS,2021,STATE,WEST VIRGINIA, ORGANIC - OPERATIONS WITH AREA HARVESTED,NA,NA,2,(H)
CENSUS,2021,STATE,WEST VIRGINIA, ORGANIC - OPERATIONS WITH SALES,NA,NA,2,(H)
CENSUS,2021,STATE,WEST VIRGINIA, ORGANIC - PRODUCTION, MEASURED IN CWT,NA,(D),(D)
CENSUS,2021,STATE,WEST VIRGINIA, ORGANIC - SALES, MEASURED IN $,NA,(D),(D)
CENSUS,2021,STATE,WEST VIRGINIA, ORGANIC - SALES, MEASURED IN CWT,NA,(D),(D)
CENSUS,2021,STATE,WEST VIRGINIA, ORGANIC, FRESH MARKET - OPERATIONS WITH SALES,NA,2,(H)
CENSUS,2021,STATE,WEST VIRGINIA, ORGANIC, FRESH MARKET - SALES, $,(D),(D)
CENSUS,2021,STATE,WEST VIRGINIA, ORGANIC, FRESH MARKET - SALES, CWT,(D),(D)
CENSUS,2021,STATE,WISCONSIN, ORGANIC - ACRES HARVESTED,NA,NA,19,73.6
CENSUS,2021,STATE,WISCONSIN, ORGANIC - OPERATIONS WITH AREA HARVESTED,NA,NA,28,31.3
CENSUS,2021,STATE,WISCONSIN, ORGANIC - OPERATIONS WITH SALES,NA,NA,28,31.3
CENSUS,2021,STATE,WISCONSIN, ORGANIC - PRODUCTION, MEASURED IN CWT,NA,426,82.8
CENSUS,2021,STATE,WISCONSIN, ORGANIC - SALES, MEASURED IN $,NA,"128,120",76.4
CENSUS,2021,STATE,WISCONSIN, ORGANIC - SALES, MEASURED IN CWT,NA,426,82.8
CENSUS,2021,STATE,WISCONSIN, ORGANIC, FRESH MARKET - OPERATIONS WITH SALES,NA,28,31.3
CENSUS,2021,STATE,WISCONSIN, ORGANIC, FRESH MARKET - SALES, $,"128,120",76.4
CENSUS,2021,STATE,WISCONSIN, ORGANIC, FRESH MARKET - SALES, CWT,426,82.8
CENSUS,2019,NATIONAL,US TOTAL, ORGANIC - ACRES HARVESTED,NA,NA,"5,158",22.4
CENSUS,2019,NATIONAL,US TOTAL, ORGANIC - OPERATIONS WITH AREA HARVESTED,NA,NA,580,2.7
CENSUS,2019,NATIONAL,US TOTAL, ORGANIC - OPERATIONS WITH SALES,NA,NA,580,2.7
CENSUS,2019,NATIONAL,US TOTAL, ORGANIC - PRODUCTION, MEASURED IN CWT,NA,"1,461,988",28.5
CENSUS,2019,NATIONAL,US TOTAL, ORGANIC - SALES, MEASURED IN $,NA,"320,793,584",30.4
CENSUS,2019,NATIONAL,US TOTAL, ORGANIC - SALES, MEASURED IN CWT,NA,"1,461,266",28.5
CENSUS,2019,NATIONAL,US TOTAL, ORGANIC, FRESH MARKET - OPERATIONS WITH SALES,NA,568,2.8
CENSUS,2019,NATIONAL,US TOTAL, ORGANIC, FRESH MARKET - SALES, $,"294,996,931",33.0
CENSUS,2019,NATIONAL,US TOTAL, ORGANIC, FRESH MARKET - SALES, CWT,"1,250,324",31.8
CENSUS,2019,NATIONAL,US TOTAL, ORGANIC, PROCESSING - OPERATIONS WITH SALES,NA,30,34.8
CENSUS,2019,NATIONAL,US TOTAL, ORGANIC, PROCESSING - SALES, $,"25,796,653",67.1
CENSUS,2019,NATIONAL,US TOTAL, ORGANIC, PROCESSING - SALES, CWT,"210,942",48.8
CENSUS,2019,STATE,ALABAMA, ORGANIC - ACRES HARVESTED,NA,NA,(D),(D)
CENSUS,2019,STATE,ALABAMA, ORGANIC - OPERATIONS WITH AREA HARVESTED,NA,NA,2,30.4
CENSUS,2019,STATE,ALABAMA, ORGANIC - OPERATIONS WITH SALES,NA,NA,2,30.4
CENSUS,2019,STATE,ALABAMA, ORGANIC - PRODUCTION, MEASURED IN CWT,NA,(D),(D)
CENSUS,2019,STATE,ALABAMA, ORGANIC - SALES, MEASURED IN $,NA,(D),(D)
CENSUS,2019,STATE,ALABAMA, ORGANIC - SALES, MEASURED IN CWT,NA,(D),(D)
CENSUS,2019,STATE,ALABAMA, ORGANIC, FRESH MARKET - OPERATIONS WITH SALES,NA,2,30.4
CENSUS,2019,STATE,ALABAMA, ORGANIC, FRESH MARKET - SALES, $,(D),(D)
CENSUS,2019,STATE,ALABAMA, ORGANIC, FRESH MARKET - SALES, CWT,(D),(D)
CENSUS,2019,STATE,ALABAMA, ORGANIC, PROCESSING - OPERATIONS WITH SALES,NA,2,(H)
CENSUS,2019,STATE,ALABAMA, ORGANIC, PROCESSING - SALES, $,(D),(D)
CENSUS,2019,STATE,ALABAMA, ORGANIC, PROCESSING - SALES, CWT,(D),(D)
CENSUS,2019,STATE,ARIZONA, ORGANIC - ACRES HARVESTED,NA,NA,(D),(D)
CENSUS,2019,STATE,ARIZONA, ORGANIC - OPERATIONS WITH AREA HARVESTED,NA,NA,2,(H)
CENSUS,2019,STATE,ARIZONA, ORGANIC - OPERATIONS WITH SALES,NA,NA,2,(H)
CENSUS,2019,STATE,ARIZONA, ORGANIC - PRODUCTION, MEASURED IN CWT,NA,(D),(D)
CENSUS,2019,STATE,ARIZONA, ORGANIC - SALES, MEASURED IN $,NA,(D),(D)
CENSUS,2019,STATE,ARIZONA, ORGANIC - SALES, MEASURED IN CWT,NA,(D),(D)
CENSUS,2019,STATE,ARIZONA, ORGANIC, FRESH MARKET - OPERATIONS WITH SALES,NA,2,(H)
CENSUS,2019,STATE,ARIZONA, ORGANIC, FRESH MARKET - SALES, $,(D),(D)
CENSUS,2019,STATE,ARIZONA, ORGANIC, FRESH MARKET - SALES, CWT,(D),(D)
CENSUS,2019,STATE,CALIFORNIA, ORGANIC - ACRES HARVESTED,NA,NA,"4,022",28.7
CENSUS,2019,STATE,CALIFORNIA, ORGANIC - OPERATIONS WITH AREA HARVESTED,NA,NA,174,8.0
CENSUS,2019,STATE,CALIFORNIA, ORGANIC - OPERATIONS WITH SALES,NA,NA,174,8.0
CENSUS,2019,STATE,CALIFORNIA, ORGANIC - PRODUCTION, MEASURED IN CWT,NA,"1,384,735",30.4
CENSUS,2019,STATE,CALIFORNIA, ORGANIC - SALES, MEASURED IN $,NA,"300,277,717",33.1
CENSUS,2019,STATE,CALIFORNIA, ORGANIC - SALES, MEASURED IN CWT,NA,"1,384,016",30.4
CENSUS,2019,STATE,CALIFORNIA, ORGANIC, FRESH MARKET - OPERATIONS WITH SALES,NA,170,8.0
CENSUS,2019,STATE,CALIFORNIA, ORGANIC, FRESH MARKET - SALES, $,"275,716,713",35.5
CENSUS,2019,STATE,CALIFORNIA, ORGANIC, FRESH MARKET - SALES, CWT,"1,177,214",33.7
CENSUS,2019,STATE,CALIFORNIA, ORGANIC, PROCESSING - OPERATIONS WITH SALES,NA,15,39.7
CENSUS,2019,STATE,CALIFORNIA, ORGANIC, PROCESSING - SALES, $,"24,561,004",68.3
CENSUS,2019,STATE,CALIFORNIA, ORGANIC, PROCESSING - SALES, CWT,"206,802",49.3
CENSUS,2019,STATE,COLORADO, ORGANIC - ACRES HARVESTED,NA,NA,1,45.6
CENSUS,2019,STATE,COLORADO, ORGANIC - OPERATIONS WITH AREA HARVESTED,NA,NA,4,47.2
CENSUS,2019,STATE,COLORADO, ORGANIC - OPERATIONS WITH SALES,NA,NA,4,47.2
CENSUS,2019,STATE,COLORADO, ORGANIC - PRODUCTION, MEASURED IN CWT,NA,62,52.1
CENSUS,2019,STATE,COLORADO, ORGANIC - SALES, MEASURED IN $,NA,"31,000",59.1
CENSUS,2019,STATE,COLORADO, ORGANIC - SALES, MEASURED IN CWT,NA,62,52.1
CENSUS,2019,STATE,COLORADO, ORGANIC, FRESH MARKET - OPERATIONS WITH SALES,NA,4,47.2
CENSUS,2019,STATE,COLORADO, ORGANIC, FRESH MARKET - SALES, $,"31,000",59.1
CENSUS,2019,STATE,COLORADO, ORGANIC, FRESH MARKET - SALES, CWT,62,52.1
CENSUS,2019,STATE,CONNECTICUT, ORGANIC - ACRES HARVESTED,NA,NA,4,36.7
CENSUS,2019,STATE,CONNECTICUT, ORGANIC - OPERATIONS WITH AREA HARVESTED,NA,NA,11,15.7
CENSUS,2019,STATE,CONNECTICUT, ORGANIC - OPERATIONS WITH SALES,NA,NA,11,15.7
CENSUS,2019,STATE,CONNECTICUT, ORGANIC - PRODUCTION, MEASURED IN CWT,NA,181,33.3
CENSUS,2019,STATE,CONNECTICUT, ORGANIC - SALES, MEASURED IN $,NA,"32,164",35.4
CENSUS,2019,STATE,CONNECTICUT, ORGANIC - SALES, MEASURED IN CWT,NA,177,33.4
CENSUS,2019,STATE,CONNECTICUT, ORGANIC, FRESH MARKET - OPERATIONS WITH SALES,NA,11,15.7
CENSUS,2019,STATE,CONNECTICUT, ORGANIC, FRESH MARKET - SALES, $,"32,164",36.0
CENSUS,2019,STATE,CONNECTICUT, ORGANIC, FRESH MARKET - SALES, CWT,177,33.8
CENSUS,2019,STATE,FLORIDA, ORGANIC - ACRES HARVESTED,NA,NA,680,79.0
CENSUS,2019,STATE,FLORIDA, ORGANIC - OPERATIONS WITH AREA HARVESTED,NA,NA,14,30.4
CENSUS,2019,STATE,FLORIDA, ORGANIC - OPERATIONS WITH SALES,NA,NA,14,30.4
CENSUS,2019,STATE,FLORIDA, ORGANIC - PRODUCTION, MEASURED IN CWT,NA,"59,905",76.3
CENSUS,2019,STATE,FLORIDA, ORGANIC - SALES, MEASURED IN $,NA,"15,055,709",83.4
CENSUS,2019,STATE,FLORIDA, ORGANIC - SALES, MEASURED IN CWT,NA,"59,905",76.3
CENSUS,2019,STATE,FLORIDA, ORGANIC, FRESH MARKET - OPERATIONS WITH SALES,NA,14,30.4
CENSUS,2019,STATE,FLORIDA, ORGANIC, FRESH MARKET - SALES, $,"15,055,709",83.4
CENSUS,2019,STATE,FLORIDA, ORGANIC, FRESH MARKET - SALES, CWT,"59,905",76.3
CENSUS,2019,STATE,GEORGIA, ORGANIC - ACRES HARVESTED,NA,NA,(D),(D)
CENSUS,2019,STATE,GEORGIA, ORGANIC - OPERATIONS WITH AREA HARVESTED,NA,NA,8,30.4
CENSUS,2019,STATE,GEORGIA, ORGANIC - OPERATIONS WITH SALES,NA,NA,8,30.4
CENSUS,2019,STATE,GEORGIA, ORGANIC - PRODUCTION, MEASURED IN CWT,NA,"1,309",76.3
CENSUS,2019,STATE,GEORGIA, ORGANIC - SALES, MEASURED IN $,NA,(D),(D)
CENSUS,2019,STATE,GEORGIA, ORGANIC - SALES, MEASURED IN CWT,NA,"1,309",76.3
CENSUS,2019,STATE,GEORGIA, ORGANIC, FRESH MARKET - OPERATIONS WITH SALES,NA,8,30.4
CENSUS,2019,STATE,GEORGIA, ORGANIC, FRESH MARKET - SALES, $,(D),(D)
CENSUS,2019,STATE,GEORGIA, ORGANIC, FRESH MARKET - SALES, CWT,"1,309",76.3
CENSUS,2019,STATE,IDAHO, ORGANIC - ACRES HARVESTED,NA,NA,4,(H)
CENSUS,2019,STATE,IDAHO, ORGANIC - OPERATIONS WITH AREA HARVESTED,NA,NA,6,42.5
CENSUS,2019,STATE,IDAHO, ORGANIC - OPERATIONS WITH SALES,NA,NA,6,42.5
CENSUS,2019,STATE,IDAHO, ORGANIC - PRODUCTION, MEASURED IN CWT,NA,100,(H)
CENSUS,2019,STATE,IDAHO, ORGANIC - SALES, MEASURED IN $,NA,"26,380",(H)
CENSUS,2019,STATE,IDAHO, ORGANIC - SALES, MEASURED IN CWT,NA,100,(H)
CENSUS,2019,STATE,IDAHO, ORGANIC, FRESH MARKET - OPERATIONS WITH SALES,NA,6,39.8
CENSUS,2019,STATE,IDAHO, ORGANIC, FRESH MARKET - SALES, $,"26,380",59.6
CENSUS,2019,STATE,IDAHO, ORGANIC, FRESH MARKET - SALES, CWT,100,38.9
CENSUS,2019,STATE,ILLINOIS, ORGANIC - ACRES HARVESTED,NA,NA,(D),(D)
CENSUS,2019,STATE,ILLINOIS, ORGANIC - OPERATIONS WITH AREA HARVESTED,NA,NA,2,24.6
CENSUS,2019,STATE,ILLINOIS, ORGANIC - OPERATIONS WITH SALES,NA,NA,2,24.6
CENSUS,2019,STATE,ILLINOIS, ORGANIC - PRODUCTION, MEASURED IN CWT,NA,(D),(D)
CENSUS,2019,STATE,ILLINOIS, ORGANIC - SALES, MEASURED IN $,NA,(D),(D)
CENSUS,2019,STATE,ILLINOIS, ORGANIC - SALES, MEASURED IN CWT,NA,(D),(D)
CENSUS,2019,STATE,ILLINOIS, ORGANIC, FRESH MARKET - OPERATIONS WITH SALES,NA,2,24.6
CENSUS,2019,STATE,ILLINOIS, ORGANIC, FRESH MARKET - SALES, $,(D),(D)
CENSUS,2019,STATE,ILLINOIS, ORGANIC, FRESH MARKET - SALES, CWT,(D),(D)
CENSUS,2019,STATE,INDIANA, ORGANIC - ACRES HARVESTED,NA,NA,11,61.3
CENSUS,2019,STATE,INDIANA, ORGANIC - OPERATIONS WITH AREA HARVESTED,NA,NA,5,24.6
CENSUS,2019,STATE,INDIANA, ORGANIC - OPERATIONS WITH SALES,NA,NA,5,24.6
CENSUS,2019,STATE,INDIANA, ORGANIC - PRODUCTION, MEASURED IN CWT,NA,288,56.2
CENSUS,2019,STATE,INDIANA, ORGANIC - SALES, MEASURED IN $,NA,"128,882",59.9
CENSUS,2019,STATE,INDIANA, ORGANIC - SALES, MEASURED IN CWT,NA,288,56.2
CENSUS,2019,STATE,INDIANA, ORGANIC, FRESH MARKET - OPERATIONS WITH SALES,NA,5,24.6
CENSUS,2019,STATE,INDIANA, ORGANIC, FRESH MARKET - SALES, $,"128,882",59.9
CENSUS,2019,STATE,INDIANA, ORGANIC, FRESH MARKET - SALES, CWT,288,56.2
CENSUS,2019,STATE,IOWA, ORGANIC - ACRES HARVESTED,NA,NA,(D),(D)
CENSUS,2019,STATE,IOWA, ORGANIC - OPERATIONS WITH AREA HARVESTED,NA,NA,8,38.0
CENSUS,2019,STATE,IOWA, ORGANIC - OPERATIONS WITH SALES,NA,NA,8,38.0
CENSUS,2019,STATE,IOWA, ORGANIC - PRODUCTION, MEASURED IN CWT,NA,70,59.2
CENSUS,2019,STATE,IOWA, ORGANIC - SALES, MEASURED IN $,NA,"32,295",66.6
CENSUS,2019,STATE,IOWA, ORGANIC - SALES, MEASURED IN CWT,NA,70,59.2
CENSUS,2019,STATE,IOWA, ORGANIC, FRESH MARKET - OPERATIONS WITH SALES,NA,8,38.0
CENSUS,2019,STATE,IOWA, ORGANIC, FRESH MARKET - SALES, $,"32,295",66.6
CENSUS,2019,STATE,IOWA, ORGANIC, FRESH MARKET - SALES, CWT,70,59.2
CENSUS,2019,STATE,KANSAS, ORGANIC - ACRES HARVESTED,NA,NA,(D),(D)
CENSUS,2019,STATE,KANSAS, ORGANIC - OPERATIONS WITH AREA HARVESTED,NA,NA,1,69.8
CENSUS,2019,STATE,KANSAS, ORGANIC - OPERATIONS WITH SALES,NA,NA,1,69.8
CENSUS,2019,STATE,KANSAS, ORGANIC - PRODUCTION, MEASURED IN CWT,NA,(D),(D)
CENSUS,2019,STATE,KANSAS, ORGANIC - SALES, MEASURED IN $,NA,(D),(D)
CENSUS,2019,STATE,KANSAS, ORGANIC - SALES, MEASURED IN CWT,NA,(D),(D)
CENSUS,2019,STATE,KANSAS, ORGANIC, FRESH MARKET - OPERATIONS WITH SALES,NA,1,69.8
CENSUS,2019,STATE,KANSAS, ORGANIC, FRESH MARKET - SALES, $,(D),(D)
CENSUS,2019,STATE,KANSAS, ORGANIC, FRESH MARKET - SALES, CWT,(D),(D)
CENSUS,2019,STATE,KENTUCKY, ORGANIC - ACRES HARVESTED,NA,NA,1,94.6
CENSUS,2019,STATE,KENTUCKY, ORGANIC - OPERATIONS WITH AREA HARVESTED,NA,NA,4,43.9
CENSUS,2019,STATE,KENTUCKY, ORGANIC - OPERATIONS WITH SALES,NA,NA,4,43.9
CENSUS,2019,STATE,KENTUCKY, ORGANIC - PRODUCTION, MEASURED IN CWT,NA,40,94.1
CENSUS,2019,STATE,KENTUCKY, ORGANIC - SALES, MEASURED IN $,NA,"12,387",75.2
CENSUS,2019,STATE,KENTUCKY, ORGANIC - SALES, MEASURED IN CWT,NA,40,94.1
CENSUS,2019,STATE,KENTUCKY, ORGANIC, FRESH MARKET - OPERATIONS WITH SALES,NA,4,43.9
CENSUS,2019,STATE,KENTUCKY, ORGANIC, FRESH MARKET - SALES, $,"12,387",75.2
CENSUS,2019,STATE,KENTUCKY, ORGANIC, FRESH MARKET - SALES, CWT,40,94.1
CENSUS,2019,STATE,LOUISIANA, ORGANIC - ACRES HARVESTED,NA,NA,(D),(D)
CENSUS,2019,STATE,LOUISIANA, ORGANIC - OPERATIONS WITH AREA HARVESTED,NA,NA,1,30.4
CENSUS,2019,STATE,LOUISIANA, ORGANIC - OPERATIONS WITH SALES,NA,NA,1,30.4
CENSUS,2019,STATE,LOUISIANA, ORGANIC - PRODUCTION, MEASURED IN CWT,NA,(D),(D)
CENSUS,2019,STATE,LOUISIANA, ORGANIC - SALES, MEASURED IN $,NA,(D),(D)
CENSUS,2019,STATE,LOUISIANA, ORGANIC - SALES, MEASURED IN CWT,NA,(D),(D)
CENSUS,2019,STATE,LOUISIANA, ORGANIC, FRESH MARKET - OPERATIONS WITH SALES,NA,1,30.4
CENSUS,2019,STATE,LOUISIANA, ORGANIC, FRESH MARKET - SALES, $,(D),(D)
CENSUS,2019,STATE,LOUISIANA, ORGANIC, FRESH MARKET - SALES, CWT,(D),(D)
CENSUS,2019,STATE,MAINE, ORGANIC - ACRES HARVESTED,NA,NA,5,36.7
CENSUS,2019,STATE,MAINE, ORGANIC - OPERATIONS WITH AREA HARVESTED,NA,NA,19,15.7
CENSUS,2019,STATE,MAINE, ORGANIC - OPERATIONS WITH SALES,NA,NA,19,15.7
CENSUS,2019,STATE,MAINE, ORGANIC - PRODUCTION, MEASURED IN CWT,NA,168,33.3
CENSUS,2019,STATE,MAINE, ORGANIC - SALES, MEASURED IN $,NA,"62,472",35.4
CENSUS,2019,STATE,MAINE, ORGANIC - SALES, MEASURED IN CWT,NA,168,33.4
CENSUS,2019,STATE,MAINE, ORGANIC, FRESH MARKET - OPERATIONS WITH SALES,NA,19,15.7
CENSUS,2019,STATE,MAINE, ORGANIC, FRESH MARKET - SALES, $,"62,472",36.0
CENSUS,2019,STATE,MAINE, ORGANIC, FRESH MARKET - SALES, CWT,168,33.8
CENSUS,2019,STATE,MARYLAND, ORGANIC - ACRES HARVESTED,NA,NA,4,36.7
CENSUS,2019,STATE,MARYLAND, ORGANIC - OPERATIONS WITH AREA HARVESTED,NA,NA,13,15.7
CENSUS,2019,STATE,MARYLAND, ORGANIC - OPERATIONS WITH SALES,NA,NA,13,15.7
CENSUS,2019,STATE,MARYLAND, ORGANIC - PRODUCTION, MEASURED IN CWT,NA,158,33.3
CENSUS,2019,STATE,MARYLAND, ORGANIC - SALES, MEASURED IN $,NA,"50,234",35.4
CENSUS,2019,STATE,MARYLAND, ORGANIC - SALES, MEASURED IN CWT,NA,158,33.4
CENSUS,2019,STATE,MARYLAND, ORGANIC, FRESH MARKET - OPERATIONS WITH SALES,NA,13,15.7
CENSUS,2019,STATE,MARYLAND, ORGANIC, FRESH MARKET - SALES, $,(D),(D)
CENSUS,2019,STATE,MARYLAND, ORGANIC, FRESH MARKET - SALES, CWT,(D),(D)
CENSUS,2019,STATE,MARYLAND, ORGANIC, PROCESSING - OPERATIONS WITH SALES,NA,2,(H)
CENSUS,2019,STATE,MARYLAND, ORGANIC, PROCESSING - SALES, $,(D),(D)
CENSUS,2019,STATE,MARYLAND, ORGANIC, PROCESSING - SALES, CWT,(D),(D)
CENSUS,2019,STATE,MASSACHUSETTS, ORGANIC - ACRES HARVESTED,NA,NA,14,36.7
CENSUS,2019,STATE,MASSACHUSETTS, ORGANIC - OPERATIONS WITH AREA HARVESTED,NA,NA,14,15.7
CENSUS,2019,STATE,MASSACHUSETTS, ORGANIC - OPERATIONS WITH SALES,NA,NA,14,15.7
CENSUS,2019,STATE,MASSACHUSETTS, ORGANIC - PRODUCTION, MEASURED IN CWT,NA,485,33.3
CENSUS,2019,STATE,MASSACHUSETTS, ORGANIC - SALES, MEASURED IN $,NA,"144,129",35.4
CENSUS,2019,STATE,MASSACHUSETTS, ORGANIC - SALES, MEASURED IN CWT,NA,485,33.4
CENSUS,2019,STATE,MASSACHUSETTS, ORGANIC, FRESH MARKET - OPERATIONS WITH SALES,NA,14,15.7
CENSUS,2019,STATE,MASSACHUSETTS, ORGANIC, FRESH MARKET - SALES, $,"144,129",36.0
CENSUS,2019,STATE,MASSACHUSETTS, ORGANIC, FRESH MARKET - SALES, CWT,485,33.8
CENSUS,2019,STATE,MICHIGAN, ORGANIC - ACRES HARVESTED,NA,NA,11,61.3
CENSUS,2019,STATE,MICHIGAN, ORGANIC - OPERATIONS WITH AREA HARVESTED,NA,NA,30,24.6
CENSUS,2019,STATE,MICHIGAN, ORGANIC - OPERATIONS WITH SALES,NA,NA,30,24.6
CENSUS,2019,STATE,MICHIGAN, ORGANIC - PRODUCTION, MEASURED IN CWT,NA,435,56.2
CENSUS,2019,STATE,MICHIGAN, ORGANIC - SALES, MEASURED IN $,NA,(D),(D)
CENSUS,2019,STATE,MICHIGAN, ORGANIC - SALES, MEASURED IN CWT,NA,435,56.2
CENSUS,2019,STATE,MICHIGAN, ORGANIC, FRESH MARKET - OPERATIONS WITH SALES,NA,30,24.6
CENSUS,2019,STATE,MICHIGAN, ORGANIC, FRESH MARKET - SALES, $,(D),(D)
CENSUS,2019,STATE,MICHIGAN, ORGANIC, FRESH MARKET - SALES, CWT,435,56.2
CENSUS,2019,STATE,MINNESOTA, ORGANIC - ACRES HARVESTED,NA,NA,(D),(D)
CENSUS,2019,STATE,MINNESOTA, ORGANIC - OPERATIONS WITH AREA HARVESTED,NA,NA,13,37.8
CENSUS,2019,STATE,MINNESOTA, ORGANIC - OPERATIONS WITH SALES,NA,NA,13,37.8
CENSUS,2019,STATE,MINNESOTA, ORGANIC - PRODUCTION, MEASURED IN CWT,NA,73,47.9
CENSUS,2019,STATE,MINNESOTA, ORGANIC - SALES, MEASURED IN $,NA,"29,986",55.0
CENSUS,2019,STATE,MINNESOTA, ORGANIC - SALES, MEASURED IN CWT,NA,73,47.9
CENSUS,2019,STATE,MINNESOTA, ORGANIC, FRESH MARKET - OPERATIONS WITH SALES,NA,13,37.8
CENSUS,2019,STATE,MINNESOTA, ORGANIC, FRESH MARKET - SALES, $,"29,986",55.0
CENSUS,2019,STATE,MINNESOTA, ORGANIC, FRESH MARKET - SALES, CWT,73,47.9
CENSUS,2019,STATE,MISSOURI, ORGANIC - ACRES HARVESTED,NA,NA,(D),(D)
CENSUS,2019,STATE,MISSOURI, ORGANIC - OPERATIONS WITH AREA HARVESTED,NA,NA,1,24.6
CENSUS,2019,STATE,MISSOURI, ORGANIC - OPERATIONS WITH SALES,NA,NA,1,24.6
CENSUS,2019,STATE,MISSOURI, ORGANIC - PRODUCTION, MEASURED IN CWT,NA,(D),(D)
CENSUS,2019,STATE,MISSOURI, ORGANIC - SALES, MEASURED IN $,NA,(D),(D)
CENSUS,2019,STATE,MISSOURI, ORGANIC - SALES, MEASURED IN CWT,NA,(D),(D)
CENSUS,2019,STATE,MISSOURI, ORGANIC, FRESH MARKET - OPERATIONS WITH SALES,NA,1,24.6
CENSUS,2019,STATE,MISSOURI, ORGANIC, FRESH MARKET - SALES, $,(D),(D)
CENSUS,2019,STATE,MISSOURI, ORGANIC, FRESH MARKET - SALES, CWT,(D),(D)
CENSUS,2019,STATE,MONTANA, ORGANIC - ACRES HARVESTED,NA,NA,(D),(D)
CENSUS,2019,STATE,MONTANA, ORGANIC - OPERATIONS WITH AREA HARVESTED,NA,NA,4,47.2
CENSUS,2019,STATE,MONTANA, ORGANIC - OPERATIONS WITH SALES,NA,NA,4,47.2
CENSUS,2019,STATE,MONTANA, ORGANIC - PRODUCTION, MEASURED IN CWT,NA,39,52.1
CENSUS,2019,STATE,MONTANA, ORGANIC - SALES, MEASURED IN $,NA,"18,302",59.1
CENSUS,2019,STATE,MONTANA, ORGANIC - SALES, MEASURED IN CWT,NA,39,52.1
CENSUS,2019,STATE,MONTANA, ORGANIC, FRESH MARKET - OPERATIONS WITH SALES,NA,4,47.2
CENSUS,2019,STATE,MONTANA, ORGANIC, FRESH MARKET - SALES, $,"18,302",59.1
CENSUS,2019,STATE,MONTANA, ORGANIC, FRESH MARKET - SALES, CWT,39,52.1
CENSUS,2019,STATE,NEBRASKA, ORGANIC - ACRES HARVESTED,NA,NA,(D),(D)
CENSUS,2019,STATE,NEBRASKA, ORGANIC - OPERATIONS WITH AREA HARVESTED,NA,NA,2,69.8
CENSUS,2019,STATE,NEBRASKA, ORGANIC - OPERATIONS WITH SALES,NA,NA,2,69.8
CENSUS,2019,STATE,NEBRASKA, ORGANIC - PRODUCTION, MEASURED IN CWT,NA,(D),(D)
CENSUS,2019,STATE,NEBRASKA, ORGANIC - SALES, MEASURED IN $,NA,(D),(D)
CENSUS,2019,STATE,NEBRASKA, ORGANIC - SALES, MEASURED IN CWT,NA,(D),(D)
CENSUS,2019,STATE,NEBRASKA, ORGANIC, FRESH MARKET - OPERATIONS WITH SALES,NA,2,69.8
CENSUS,2019,STATE,NEBRASKA, ORGANIC, FRESH MARKET - SALES, $,(D),(D)
CENSUS,2019,STATE,NEBRASKA, ORGANIC, FRESH MARKET - SALES, CWT,(D),(D)
CENSUS,2019,STATE,NEVADA, ORGANIC - ACRES HARVESTED,NA,NA,(D),(D)
CENSUS,2019,STATE,NEVADA, ORGANIC - OPERATIONS WITH AREA HARVESTED,NA,NA,1,47.2
CENSUS,2019,STATE,NEVADA, ORGANIC - OPERATIONS WITH SALES,NA,NA,1,47.2
CENSUS,2019,STATE,NEVADA, ORGANIC - PRODUCTION, MEASURED IN CWT,NA,(D),(D)
CENSUS,2019,STATE,NEVADA, ORGANIC - SALES, MEASURED IN $,NA,(D),(D)
CENSUS,2019,STATE,NEVADA, ORGANIC - SALES, MEASURED IN CWT,NA,(D),(D)
CENSUS,2019,STATE,NEVADA, ORGANIC, FRESH MARKET - OPERATIONS WITH SALES,NA,1,47.2
CENSUS,2019,STATE,NEVADA, ORGANIC, FRESH MARKET - SALES, $,(D),(D)
CENSUS,2019,STATE,NEVADA, ORGANIC, FRESH MARKET - SALES, CWT,(D),(D)
CENSUS,2019,STATE,NEW HAMPSHIRE, ORGANIC - ACRES HARVESTED,NA,NA,1,36.7
CENSUS,2019,STATE,NEW HAMPSHIRE, ORGANIC - OPERATIONS WITH AREA HARVESTED,NA,NA,4,15.7
CENSUS,2019,STATE,NEW HAMPSHIRE, ORGANIC - OPERATIONS WITH SALES,NA,NA,4,15.7
CENSUS,2019,STATE,NEW HAMPSHIRE, ORGANIC - PRODUCTION, MEASURED IN CWT,NA,(D),(D)
CENSUS,2019,STATE,NEW HAMPSHIRE, ORGANIC - SALES, MEASURED IN $,NA,"24,000",35.4
CENSUS,2019,STATE,NEW HAMPSHIRE, ORGANIC - SALES, MEASURED IN CWT,NA,(D),(D)
CENSUS,2019,STATE,NEW HAMPSHIRE, ORGANIC, FRESH MARKET - OPERATIONS WITH SALES,NA,4,15.7
CENSUS,2019,STATE,NEW HAMPSHIRE, ORGANIC, FRESH MARKET - SALES, $,"24,000",36.0
CENSUS,2019,STATE,NEW HAMPSHIRE, ORGANIC, FRESH MARKET - SALES, CWT,(D),(D)
CENSUS,2019,STATE,NEW JERSEY, ORGANIC - ACRES HARVESTED,NA,NA,7,36.7
CENSUS,2019,STATE,NEW JERSEY, ORGANIC - OPERATIONS WITH AREA HARVESTED,NA,NA,10,15.7
CENSUS,2019,STATE,NEW JERSEY, ORGANIC - OPERATIONS WITH SALES,NA,NA,10,15.7
CENSUS,2019,STATE,NEW JERSEY, ORGANIC - PRODUCTION, MEASURED IN CWT,NA,208,33.3
CENSUS,2019,STATE,NEW JERSEY, ORGANIC - SALES, MEASURED IN $,NA,(D),(D)
CENSUS,2019,STATE,NEW JERSEY, ORGANIC - SALES, MEASURED IN CWT,NA,208,33.4
CENSUS,2019,STATE,NEW JERSEY, ORGANIC, FRESH MARKET - OPERATIONS WITH SALES,NA,10,15.7
CENSUS,2019,STATE,NEW JERSEY, ORGANIC, FRESH MARKET - SALES, $,(D),(D)
CENSUS,2019,STATE,NEW JERSEY, ORGANIC, FRESH MARKET - SALES, CWT,208,33.8
CENSUS,2019,STATE,NEW MEXICO, ORGANIC - ACRES HARVESTED,NA,NA,(D),(D)
CENSUS,2019,STATE,NEW MEXICO, ORGANIC - OPERATIONS WITH AREA HARVESTED,NA,NA,1,47.2
CENSUS,2019,STATE,NEW MEXICO, ORGANIC - OPERATIONS WITH SALES,NA,NA,1,47.2
CENSUS,2019,STATE,NEW MEXICO, ORGANIC - PRODUCTION, MEASURED IN CWT,NA,(D),(D)
CENSUS,2019,STATE,NEW MEXICO, ORGANIC - SALES, MEASURED IN $,NA,(D),(D)
CENSUS,2019,STATE,NEW MEXICO, ORGANIC - SALES, MEASURED IN CWT,NA,(D),(D)
CENSUS,2019,STATE,NEW MEXICO, ORGANIC, FRESH MARKET - OPERATIONS WITH SALES,NA,1,47.2
CENSUS,2019,STATE,NEW MEXICO, ORGANIC, FRESH MARKET - SALES, $,(D),(D)
CENSUS,2019,STATE,NEW MEXICO, ORGANIC, FRESH MARKET - SALES, CWT,(D),(D)
CENSUS,2019,STATE,NEW YORK, ORGANIC - ACRES HARVESTED,NA,NA,41,40.9
CENSUS,2019,STATE,NEW YORK, ORGANIC - OPERATIONS WITH AREA HARVESTED,NA,NA,36,27.3
CENSUS,2019,STATE,NEW YORK, ORGANIC - OPERATIONS WITH SALES,NA,NA,36,27.3
CENSUS,2019,STATE,NEW YORK, ORGANIC - PRODUCTION, MEASURED IN CWT,NA,"2,260",32.6
CENSUS,2019,STATE,NEW YORK, ORGANIC - SALES, MEASURED IN $,NA,"644,155",42.2
CENSUS,2019,STATE,NEW YORK, ORGANIC - SALES, MEASURED IN CWT,NA,"2,260",32.6
CENSUS,2019,STATE,NEW YORK, ORGANIC, FRESH MARKET - OPERATIONS WITH SALES,NA,34,28.7
CENSUS,2019,STATE,NEW YORK, ORGANIC, FRESH MARKET - SALES, $,(D),(D)
CENSUS,2019,STATE,NEW YORK, ORGANIC, FRESH MARKET - SALES, CWT,(D),(D)
CENSUS,2019,STATE,NEW YORK, ORGANIC, PROCESSING - OPERATIONS WITH SALES,NA,2,95.0
CENSUS,2019,STATE,NEW YORK, ORGANIC, PROCESSING - SALES, $,(D),(D)
CENSUS,2019,STATE,NEW YORK, ORGANIC, PROCESSING - SALES, CWT,(D),(D)
CENSUS,2019,STATE,NORTH CAROLINA, ORGANIC - ACRES HARVESTED,NA,NA,4,94.6
CENSUS,2019,STATE,NORTH CAROLINA, ORGANIC - OPERATIONS WITH AREA HARVESTED,NA,NA,7,43.9
CENSUS,2019,STATE,NORTH CAROLINA, ORGANIC - OPERATIONS WITH SALES,NA,NA,7,43.9
CENSUS,2019,STATE,NORTH CAROLINA, ORGANIC - PRODUCTION, MEASURED IN CWT,NA,300,94.1
CENSUS,2019,STATE,NORTH CAROLINA, ORGANIC - SALES, MEASURED IN $,NA,"87,402",75.2
CENSUS,2019,STATE,NORTH CAROLINA, ORGANIC - SALES, MEASURED IN CWT,NA,300,94.1
CENSUS,2019,STATE,NORTH CAROLINA, ORGANIC, FRESH MARKET - OPERATIONS WITH SALES,NA,7,43.9
CENSUS,2019,STATE,NORTH CAROLINA, ORGANIC, FRESH MARKET - SALES, $,"87,402",75.2
CENSUS,2019,STATE,NORTH CAROLINA, ORGANIC, FRESH MARKET - SALES, CWT,300,94.1
CENSUS,2019,STATE,OHIO, ORGANIC - ACRES HARVESTED,NA,NA,9,66.3
CENSUS,2019,STATE,OHIO, ORGANIC - OPERATIONS WITH AREA HARVESTED,NA,NA,17,50.7
CENSUS,2019,STATE,OHIO, ORGANIC - OPERATIONS WITH SALES,NA,NA,17,50.7
CENSUS,2019,STATE,OHIO, ORGANIC - PRODUCTION, MEASURED IN CWT,NA,315,56.9
CENSUS,2019,STATE,OHIO, ORGANIC - SALES, MEASURED IN $,NA,"68,830",85.0
CENSUS,2019,STATE,OHIO, ORGANIC - SALES, MEASURED IN CWT,NA,315,56.9
CENSUS,2019,STATE,OHIO, ORGANIC, FRESH MARKET - OPERATIONS WITH SALES,NA,17,50.7
CENSUS,2019,STATE,OHIO, ORGANIC, FRESH MARKET - SALES, $,"68,830",85.0
CENSUS,2019,STATE,OHIO, ORGANIC, FRESH MARKET - SALES, CWT,315,56.9
CENSUS,2019,STATE,OKLAHOMA, ORGANIC - ACRES HARVESTED,NA,NA,10,(H)
CENSUS,2019,STATE,OKLAHOMA, ORGANIC - OPERATIONS WITH AREA HARVESTED,NA,NA,4,95.2
CENSUS,2019,STATE,OKLAHOMA, ORGANIC - OPERATIONS WITH SALES,NA,NA,4,95.2
CENSUS,2019,STATE,OKLAHOMA, ORGANIC - PRODUCTION, MEASURED IN CWT,NA,880,(H)
CENSUS,2019,STATE,OKLAHOMA, ORGANIC - SALES, MEASURED IN $,NA,"161,288",(H)
CENSUS,2019,STATE,OKLAHOMA, ORGANIC - SALES, MEASURED IN CWT,NA,880,(H)
CENSUS,2019,STATE,OKLAHOMA, ORGANIC, FRESH MARKET - OPERATIONS WITH SALES,NA,4,95.2
CENSUS,2019,STATE,OKLAHOMA, ORGANIC, FRESH MARKET - SALES, $,"161,288",(H)
CENSUS,2019,STATE,OKLAHOMA, ORGANIC, FRESH MARKET - SALES, CWT,880,(H)
CENSUS,2019,STATE,OREGON, ORGANIC - ACRES HARVESTED,NA,NA,197,(H)
CENSUS,2019,STATE,OREGON, ORGANIC - OPERATIONS WITH AREA HARVESTED,NA,NA,21,42.5
CENSUS,2019,STATE,OREGON, ORGANIC - OPERATIONS WITH SALES,NA,NA,21,42.5
CENSUS,2019,STATE,OREGON, ORGANIC - PRODUCTION, MEASURED IN CWT,NA,"5,081",(H)
CENSUS,2019,STATE,OREGON, ORGANIC - SALES, MEASURED IN $,NA,"1,728,809",(H)
CENSUS,2019,STATE,OREGON, ORGANIC - SALES, MEASURED IN CWT,NA,"5,081",(H)
CENSUS,2019,STATE,OREGON, ORGANIC, FRESH MARKET - OPERATIONS WITH SALES,NA,19,39.8
CENSUS,2019,STATE,OREGON, ORGANIC, FRESH MARKET - SALES, $,"505,658",59.6
CENSUS,2019,STATE,OREGON, ORGANIC, FRESH MARKET - SALES, CWT,"1,004",38.9
CENSUS,2019,STATE,OREGON, ORGANIC, PROCESSING - OPERATIONS WITH SALES,NA,3,(H)
CENSUS,2019,STATE,OREGON, ORGANIC, PROCESSING - SALES, $,"1,223,151",(H)
CENSUS,2019,STATE,OREGON, ORGANIC, PROCESSING - SALES, CWT,"4,077",(H)
CENSUS,2019,STATE,PENNSYLVANIA, ORGANIC - ACRES HARVESTED,NA,NA,6,43.1
CENSUS,2019,STATE,PENNSYLVANIA, ORGANIC - OPERATIONS WITH AREA HARVESTED,NA,NA,16,49.0
CENSUS,2019,STATE,PENNSYLVANIA, ORGANIC - OPERATIONS WITH SALES,NA,NA,16,49.0
CENSUS,2019,STATE,PENNSYLVANIA, ORGANIC - PRODUCTION, MEASURED IN CWT,NA,341,38.4
CENSUS,2019,STATE,PENNSYLVANIA, ORGANIC - SALES, MEASURED IN $,NA,"89,572",35.1
CENSUS,2019,STATE,PENNSYLVANIA, ORGANIC - SALES, MEASURED IN CWT,NA,341,38.4
CENSUS,2019,STATE,PENNSYLVANIA, ORGANIC, FRESH MARKET - OPERATIONS WITH SALES,NA,16,49.0
CENSUS,2019,STATE,PENNSYLVANIA, ORGANIC, FRESH MARKET - SALES, $,"89,572",35.1
CENSUS,2019,STATE,PENNSYLVANIA, ORGANIC, FRESH MARKET - SALES, CWT,341,38.4
CENSUS,2019,STATE,RHODE ISLAND, ORGANIC - ACRES HARVESTED,NA,NA,(D),(D)
CENSUS,2019,STATE,RHODE ISLAND, ORGANIC - OPERATIONS WITH AREA HARVESTED,NA,NA,2,15.7
CENSUS,2019,STATE,RHODE ISLAND, ORGANIC - OPERATIONS WITH SALES,NA,NA,2,15.7
CENSUS,2019,STATE,RHODE ISLAND, ORGANIC - PRODUCTION, MEASURED IN CWT,NA,(D),(D)
CENSUS,2019,STATE,RHODE ISLAND, ORGANIC - SALES, MEASURED IN $,NA,(D),(D)
CENSUS,2019,STATE,RHODE ISLAND, ORGANIC - SALES, MEASURED IN CWT,NA,(D),(D)
CENSUS,2019,STATE,RHODE ISLAND, ORGANIC, FRESH MARKET - OPERATIONS WITH SALES,NA,2,15.7
CENSUS,2019,STATE,RHODE ISLAND, ORGANIC, FRESH MARKET - SALES, $,(D),(D)
CENSUS,2019,STATE,RHODE ISLAND, ORGANIC, FRESH MARKET - SALES, CWT,(D),(D)
CENSUS,2019,STATE,SOUTH CAROLINA, ORGANIC - ACRES HARVESTED,NA,NA,13,79.0
CENSUS,2019,STATE,SOUTH CAROLINA, ORGANIC - OPERATIONS WITH AREA HARVESTED,NA,NA,8,30.4
CENSUS,2019,STATE,SOUTH CAROLINA, ORGANIC - OPERATIONS WITH SALES,NA,NA,8,30.4
CENSUS,2019,STATE,SOUTH CAROLINA, ORGANIC - PRODUCTION, MEASURED IN CWT,NA,332,76.3
CENSUS,2019,STATE,SOUTH CAROLINA, ORGANIC - SALES, MEASURED IN $,NA,"85,229",83.4
CENSUS,2019,STATE,SOUTH CAROLINA, ORGANIC - SALES, MEASURED IN CWT,NA,332,76.3
CENSUS,2019,STATE,SOUTH CAROLINA, ORGANIC, FRESH MARKET - OPERATIONS WITH SALES,NA,8,30.4
CENSUS,2019,STATE,SOUTH CAROLINA, ORGANIC, FRESH MARKET - SALES, $,"85,229",83.4
CENSUS,2019,STATE,SOUTH CAROLINA, ORGANIC, FRESH MARKET - SALES, CWT,332,76.3
CENSUS,2019,STATE,SOUTH DAKOTA, ORGANIC - ACRES HARVESTED,NA,NA,(D),(D)
CENSUS,2019,STATE,SOUTH DAKOTA, ORGANIC - OPERATIONS WITH AREA HARVESTED,NA,NA,1,69.8
CENSUS,2019,STATE,SOUTH DAKOTA, ORGANIC - OPERATIONS WITH SALES,NA,NA,1,69.8
CENSUS,2019,STATE,SOUTH DAKOTA, ORGANIC - PRODUCTION, MEASURED IN CWT,NA,(D),(D)
CENSUS,2019,STATE,SOUTH DAKOTA, ORGANIC - SALES, MEASURED IN $,NA,(D),(D)
CENSUS,2019,STATE,SOUTH DAKOTA, ORGANIC - SALES, MEASURED IN CWT,NA,(D),(D)
CENSUS,2019,STATE,SOUTH DAKOTA, ORGANIC, FRESH MARKET - OPERATIONS WITH SALES,NA,1,69.8
CENSUS,2019,STATE,SOUTH DAKOTA, ORGANIC, FRESH MARKET - SALES, $,(D),(D)
CENSUS,2019,STATE,SOUTH DAKOTA, ORGANIC, FRESH MARKET - SALES, CWT,(D),(D)
CENSUS,2019,STATE,TENNESSEE, ORGANIC - ACRES HARVESTED,NA,NA,5,94.6
CENSUS,2019,STATE,TENNESSEE, ORGANIC - OPERATIONS WITH AREA HARVESTED,NA,NA,7,43.9
CENSUS,2019,STATE,TENNESSEE, ORGANIC - OPERATIONS WITH SALES,NA,NA,7,43.9
CENSUS,2019,STATE,TENNESSEE, ORGANIC - PRODUCTION, MEASURED IN CWT,NA,219,94.1
CENSUS,2019,STATE,TENNESSEE, ORGANIC - SALES, MEASURED IN $,NA,"35,934",75.2
CENSUS,2019,STATE,TENNESSEE, ORGANIC - SALES, MEASURED IN CWT,NA,219,94.1
CENSUS,2019,STATE,TENNESSEE, ORGANIC, FRESH MARKET - OPERATIONS WITH SALES,NA,7,43.9
CENSUS,2019,STATE,TENNESSEE, ORGANIC, FRESH MARKET - SALES, $,"35,934",75.2
CENSUS,2019,STATE,TENNESSEE, ORGANIC, FRESH MARKET - SALES, CWT,219,94.1
CENSUS,2019,STATE,VERMONT, ORGANIC - ACRES HARVESTED,NA,NA,21,32.0
CENSUS,2019,STATE,VERMONT, ORGANIC - OPERATIONS WITH AREA HARVESTED,NA,NA,26,23.2
CENSUS,2019,STATE,VERMONT, ORGANIC - OPERATIONS WITH SALES,NA,NA,26,23.2
CENSUS,2019,STATE,VERMONT, ORGANIC - PRODUCTION, MEASURED IN CWT,NA,"1,051",39.3
CENSUS,2019,STATE,VERMONT, ORGANIC - SALES, MEASURED IN $,NA,"486,870",34.0
CENSUS,2019,STATE,VERMONT, ORGANIC - SALES, MEASURED IN CWT,NA,"1,051",39.3
CENSUS,2019,STATE,VERMONT, ORGANIC, FRESH MARKET - OPERATIONS WITH SALES,NA,26,23.2
CENSUS,2019,STATE,VERMONT, ORGANIC, FRESH MARKET - SALES, $,"486,870",34.0
CENSUS,2019,STATE,VERMONT, ORGANIC, FRESH MARKET - SALES, CWT,"1,051",39.3
CENSUS,2019,STATE,VIRGINIA, ORGANIC - ACRES HARVESTED,NA,NA,(D),(D)
CENSUS,2019,STATE,VIRGINIA, ORGANIC - OPERATIONS WITH AREA HARVESTED,NA,NA,1,43.9
CENSUS,2019,STATE,VIRGINIA, ORGANIC - OPERATIONS WITH SALES,NA,NA,1,43.9
CENSUS,2019,STATE,VIRGINIA, ORGANIC - PRODUCTION, MEASURED IN CWT,NA,(D),(D)
CENSUS,2019,STATE,VIRGINIA, ORGANIC - SALES, MEASURED IN $,NA,(D),(D)
CENSUS,2019,STATE,VIRGINIA, ORGANIC - SALES, MEASURED IN CWT,NA,(D),(D)
CENSUS,2019,STATE,VIRGINIA, ORGANIC, FRESH MARKET - OPERATIONS WITH SALES,NA,1,43.9
CENSUS,2019,STATE,VIRGINIA, ORGANIC, FRESH MARKET - SALES, $,(D),(D)
CENSUS,2019,STATE,VIRGINIA, ORGANIC, FRESH MARKET - SALES, CWT,(D),(D)
CENSUS,2019,STATE,WASHINGTON, ORGANIC - ACRES HARVESTED,NA,NA,55,58.3
CENSUS,2019,STATE,WASHINGTON, ORGANIC - OPERATIONS WITH AREA HARVESTED,NA,NA,57,40.1
CENSUS,2019,STATE,WASHINGTON, ORGANIC - OPERATIONS WITH SALES,NA,NA,57,40.1
CENSUS,2019,STATE,WASHINGTON, ORGANIC - PRODUCTION, MEASURED IN CWT,NA,"2,428",78.4
CENSUS,2019,STATE,WASHINGTON, ORGANIC - SALES, MEASURED IN $,NA,"745,009",67.2
CENSUS,2019,STATE,WASHINGTON, ORGANIC - SALES, MEASURED IN CWT,NA,"2,428",78.4
CENSUS,2019,STATE,WASHINGTON, ORGANIC, FRESH MARKET - OPERATIONS WITH SALES,NA,53,40.5
CENSUS,2019,STATE,WASHINGTON, ORGANIC, FRESH MARKET - SALES, $,(D),(D)
CENSUS,2019,STATE,WASHINGTON, ORGANIC, FRESH MARKET - SALES, CWT,"2,404",79.4
CENSUS,2019,STATE,WASHINGTON, ORGANIC, PROCESSING - OPERATIONS WITH SALES,NA,6,89.2
CENSUS,2019,STATE,WASHINGTON, ORGANIC, PROCESSING - SALES, $,(D),(D)
CENSUS,2019,STATE,WASHINGTON, ORGANIC, PROCESSING - SALES, CWT,23,80.9
CENSUS,2019,STATE,WEST VIRGINIA, ORGANIC - ACRES HARVESTED,NA,NA,(D),(D)
CENSUS,2019,STATE,WEST VIRGINIA, ORGANIC - OPERATIONS WITH AREA HARVESTED,NA,NA,1,43.9
CENSUS,2019,STATE,WEST VIRGINIA, ORGANIC - OPERATIONS WITH SALES,NA,NA,1,43.9
CENSUS,2019,STATE,WEST VIRGINIA, ORGANIC - PRODUCTION, MEASURED IN CWT,NA,(D),(D)
CENSUS,2019,STATE,WEST VIRGINIA, ORGANIC - SALES, MEASURED IN $,NA,(D),(D)
CENSUS,2019,STATE,WEST VIRGINIA, ORGANIC - SALES, MEASURED IN CWT,NA,(D),(D)
CENSUS,2019,STATE,WEST VIRGINIA, ORGANIC, FRESH MARKET - OPERATIONS WITH SALES,NA,1,43.9
CENSUS,2019,STATE,WEST VIRGINIA, ORGANIC, FRESH MARKET - SALES, $,(D),(D)
CENSUS,2019,STATE,WEST VIRGINIA, ORGANIC, FRESH MARKET - SALES, CWT,(D),(D)
CENSUS,2019,STATE,WISCONSIN, ORGANIC - ACRES HARVESTED,NA,NA,5,56.3
CENSUS,2019,STATE,WISCONSIN, ORGANIC - OPERATIONS WITH AREA HARVESTED,NA,NA,22,23.8
CENSUS,2019,STATE,WISCONSIN, ORGANIC - OPERATIONS WITH SALES,NA,NA,22,23.8
CENSUS,2019,STATE,WISCONSIN, ORGANIC - PRODUCTION, MEASURED IN CWT,NA,135,55.9
CENSUS,2019,STATE,WISCONSIN, ORGANIC - SALES, MEASURED IN $,NA,"50,111",42.1
CENSUS,2019,STATE,WISCONSIN, ORGANIC - SALES, MEASURED IN CWT,NA,135,55.9
CENSUS,2019,STATE,WISCONSIN, ORGANIC, FRESH MARKET - OPERATIONS WITH SALES,NA,22,23.8
CENSUS,2019,STATE,WISCONSIN, ORGANIC, FRESH MARKET - SALES, $,"50,111",42.1
CENSUS,2019,STATE,WISCONSIN, ORGANIC, FRESH MARKET - SALES, CWT,135,55.9
