"Program","Year","Period","Geo.Level","State","Strawberries","type","items","units","Domain","name","code","Value","CV....","Total"
"CENSUS",2022,"YEAR","NATIONAL","US TOTAL","STRAWBERRIES - ACRES BEARING",NA,NA,NA,"AREA GROWN"," 0.1 TO 0.9 ACRES",NA,"963","5.6",NA
"CENSUS",2022,"YEAR","NATIONAL","US TOTAL","STRAWBERRIES - ACRES BEARING",NA,NA,NA,"AREA GROWN"," 1.0 TO 4.9 ACRES",NA,"3,195","5.9",NA
"CENSUS",2022,"YEAR","NATIONAL","US TOTAL","STRAWBERRIES - ACRES BEARING",NA,NA,NA,"AREA GROWN"," 100 OR MORE ACRES",NA,"46,265","25.3",NA
"CENSUS",2022,"YEAR","NATIONAL","US TOTAL","STRAWBERRIES - ACRES BEARING",NA,NA,NA,"AREA GROWN"," 15.0 TO 24.9 ACRES",NA,"2,514","20.0",NA
"CENSUS",2022,"YEAR","NATIONAL","US TOTAL","STRAWBERRIES - ACRES BEARING",NA,NA,NA,"AREA GROWN"," 25.0 TO 49.9 ACRES",NA,"4,231","13.0",NA
"CENSUS",2022,"YEAR","NATIONAL","US TOTAL","STRAWBERRIES - ACRES BEARING",NA,NA,NA,"AREA GROWN"," 5.0 TO 14.9 ACRES",NA,"3,396","8.6",NA
"CENSUS",2022,"YEAR","NATIONAL","US TOTAL","STRAWBERRIES - ACRES BEARING",NA,NA,NA,"AREA GROWN"," 50.0 TO 99.9 ACRES",NA,"10,146","50.5",NA
"CENSUS",2022,"YEAR","NATIONAL","US TOTAL","STRAWBERRIES - ACRES BEARING",NA,NA,NA,NA,NA,NA,NA,"15.4","70,709"
"CENSUS",2022,"YEAR","NATIONAL","US TOTAL","STRAWBERRIES - ACRES GROWN",NA,NA,NA,"AREA GROWN"," 0.1 TO 0.9 ACRES",NA,"1,199","6.2",NA
"CENSUS",2022,"YEAR","NATIONAL","US TOTAL","STRAWBERRIES - ACRES GROWN",NA,NA,NA,"AREA GROWN"," 1.0 TO 4.9 ACRES",NA,"3,729","5.3",NA
"CENSUS",2022,"YEAR","NATIONAL","US TOTAL","STRAWBERRIES - ACRES GROWN",NA,NA,NA,"AREA GROWN"," 100 OR MORE ACRES",NA,"46,931","25.0",NA
"CENSUS",2022,"YEAR","NATIONAL","US TOTAL","STRAWBERRIES - ACRES GROWN",NA,NA,NA,"AREA GROWN"," 15.0 TO 24.9 ACRES",NA,"2,758","19.1",NA
"CENSUS",2022,"YEAR","NATIONAL","US TOTAL","STRAWBERRIES - ACRES GROWN",NA,NA,NA,"AREA GROWN"," 25.0 TO 49.9 ACRES",NA,"4,441","12.7",NA
"CENSUS",2022,"YEAR","NATIONAL","US TOTAL","STRAWBERRIES - ACRES GROWN",NA,NA,NA,"AREA GROWN"," 5.0 TO 14.9 ACRES",NA,"3,942","7.9",NA
"CENSUS",2022,"YEAR","NATIONAL","US TOTAL","STRAWBERRIES - ACRES GROWN",NA,NA,NA,"AREA GROWN"," 50.0 TO 99.9 ACRES",NA,"10,461","47.6",NA
"CENSUS",2022,"YEAR","NATIONAL","US TOTAL","STRAWBERRIES - ACRES GROWN",NA,NA,NA,NA,NA,NA,NA,"15.3","73,462"
"CENSUS",2022,"YEAR","NATIONAL","US TOTAL","STRAWBERRIES - ACRES NON-BEARING",NA,NA,NA,"AREA GROWN"," 0.1 TO 0.9 ACRES",NA,"236","13.2",NA
"CENSUS",2022,"YEAR","NATIONAL","US TOTAL","STRAWBERRIES - ACRES NON-BEARING",NA,NA,NA,"AREA GROWN"," 1.0 TO 4.9 ACRES",NA,"535","5.1",NA
"CENSUS",2022,"YEAR","NATIONAL","US TOTAL","STRAWBERRIES - ACRES NON-BEARING",NA,NA,NA,"AREA GROWN"," 100 OR MORE ACRES",NA,"666","4.2",NA
"CENSUS",2022,"YEAR","NATIONAL","US TOTAL","STRAWBERRIES - ACRES NON-BEARING",NA,NA,NA,"AREA GROWN"," 15.0 TO 24.9 ACRES",NA,"244","34.1",NA
"CENSUS",2022,"YEAR","NATIONAL","US TOTAL","STRAWBERRIES - ACRES NON-BEARING",NA,NA,NA,"AREA GROWN"," 25.0 TO 49.9 ACRES",NA,"210","37.3",NA
"CENSUS",2022,"YEAR","NATIONAL","US TOTAL","STRAWBERRIES - ACRES NON-BEARING",NA,NA,NA,"AREA GROWN"," 5.0 TO 14.9 ACRES",NA,"547","9.9",NA
"CENSUS",2022,"YEAR","NATIONAL","US TOTAL","STRAWBERRIES - ACRES NON-BEARING",NA,NA,NA,"AREA GROWN"," 50.0 TO 99.9 ACRES",NA,"315","(H)",NA
"CENSUS",2022,"YEAR","NATIONAL","US TOTAL","STRAWBERRIES - ACRES NON-BEARING",NA,NA,NA,NA,NA,NA,NA,"15.5","2,753"
"CENSUS",2022,"YEAR","NATIONAL","US TOTAL","STRAWBERRIES - OPERATIONS WITH AREA BEARING",NA,NA,NA,"AREA GROWN"," 0.1 TO 0.9 ACRES",NA,"4,690","6.4",NA
"CENSUS",2022,"YEAR","NATIONAL","US TOTAL","STRAWBERRIES - OPERATIONS WITH AREA BEARING",NA,NA,NA,"AREA GROWN"," 1.0 TO 4.9 ACRES",NA,"1,812","6.1",NA
"CENSUS",2022,"YEAR","NATIONAL","US TOTAL","STRAWBERRIES - OPERATIONS WITH AREA BEARING",NA,NA,NA,"AREA GROWN"," 100 OR MORE ACRES",NA,"161","25.4",NA
"CENSUS",2022,"YEAR","NATIONAL","US TOTAL","STRAWBERRIES - OPERATIONS WITH AREA BEARING",NA,NA,NA,"AREA GROWN"," 15.0 TO 24.9 ACRES",NA,"146","17.2",NA
"CENSUS",2022,"YEAR","NATIONAL","US TOTAL","STRAWBERRIES - OPERATIONS WITH AREA BEARING",NA,NA,NA,"AREA GROWN"," 25.0 TO 49.9 ACRES",NA,"131","11.9",NA
"CENSUS",2022,"YEAR","NATIONAL","US TOTAL","STRAWBERRIES - OPERATIONS WITH AREA BEARING",NA,NA,NA,"AREA GROWN"," 5.0 TO 14.9 ACRES",NA,"510","7.3",NA
"CENSUS",2022,"YEAR","NATIONAL","US TOTAL","STRAWBERRIES - OPERATIONS WITH AREA BEARING",NA,NA,NA,"AREA GROWN"," 50.0 TO 99.9 ACRES",NA,"146","44.0",NA
"CENSUS",2022,"YEAR","NATIONAL","US TOTAL","STRAWBERRIES - OPERATIONS WITH AREA BEARING",NA,NA,NA,NA,NA,NA,NA,"5.7","7,596"
"CENSUS",2022,"YEAR","NATIONAL","US TOTAL","STRAWBERRIES - OPERATIONS WITH AREA GROWN",NA,NA,NA,"AREA GROWN"," 0.1 TO 0.9 ACRES",NA,"5,508","7.0",NA
"CENSUS",2022,"YEAR","NATIONAL","US TOTAL","STRAWBERRIES - OPERATIONS WITH AREA GROWN",NA,NA,NA,"AREA GROWN"," 1.0 TO 4.9 ACRES",NA,"1,884","5.7",NA
"CENSUS",2022,"YEAR","NATIONAL","US TOTAL","STRAWBERRIES - OPERATIONS WITH AREA GROWN",NA,NA,NA,"AREA GROWN"," 100 OR MORE ACRES",NA,"161","25.4",NA
"CENSUS",2022,"YEAR","NATIONAL","US TOTAL","STRAWBERRIES - OPERATIONS WITH AREA GROWN",NA,NA,NA,"AREA GROWN"," 15.0 TO 24.9 ACRES",NA,"147","18.3",NA
"CENSUS",2022,"YEAR","NATIONAL","US TOTAL","STRAWBERRIES - OPERATIONS WITH AREA GROWN",NA,NA,NA,"AREA GROWN"," 25.0 TO 49.9 ACRES",NA,"131","11.9",NA
"CENSUS",2022,"YEAR","NATIONAL","US TOTAL","STRAWBERRIES - OPERATIONS WITH AREA GROWN",NA,NA,NA,"AREA GROWN"," 5.0 TO 14.9 ACRES",NA,"514","7.3",NA
"CENSUS",2022,"YEAR","NATIONAL","US TOTAL","STRAWBERRIES - OPERATIONS WITH AREA GROWN",NA,NA,NA,"AREA GROWN"," 50.0 TO 99.9 ACRES",NA,"146","44.0",NA
"CENSUS",2022,"YEAR","NATIONAL","US TOTAL","STRAWBERRIES - OPERATIONS WITH AREA GROWN",NA,NA,NA,NA,NA,NA,NA,"5.8","8,491"
"CENSUS",2022,"YEAR","NATIONAL","US TOTAL","STRAWBERRIES - OPERATIONS WITH AREA NON-BEARING",NA,NA,NA,"AREA GROWN"," 0.1 TO 0.9 ACRES",NA,"1,270","13.7",NA
"CENSUS",2022,"YEAR","NATIONAL","US TOTAL","STRAWBERRIES - OPERATIONS WITH AREA NON-BEARING",NA,NA,NA,"AREA GROWN"," 1.0 TO 4.9 ACRES",NA,"562","6.4",NA
"CENSUS",2022,"YEAR","NATIONAL","US TOTAL","STRAWBERRIES - OPERATIONS WITH AREA NON-BEARING",NA,NA,NA,"AREA GROWN"," 100 OR MORE ACRES",NA,"17","27.9",NA
"CENSUS",2022,"YEAR","NATIONAL","US TOTAL","STRAWBERRIES - OPERATIONS WITH AREA NON-BEARING",NA,NA,NA,"AREA GROWN"," 15.0 TO 24.9 ACRES",NA,"43","19.0",NA
"CENSUS",2022,"YEAR","NATIONAL","US TOTAL","STRAWBERRIES - OPERATIONS WITH AREA NON-BEARING",NA,NA,NA,"AREA GROWN"," 25.0 TO 49.9 ACRES",NA,"22","40.9",NA
"CENSUS",2022,"YEAR","NATIONAL","US TOTAL","STRAWBERRIES - OPERATIONS WITH AREA NON-BEARING",NA,NA,NA,"AREA GROWN"," 5.0 TO 14.9 ACRES",NA,"200","8.2",NA
"CENSUS",2022,"YEAR","NATIONAL","US TOTAL","STRAWBERRIES - OPERATIONS WITH AREA NON-BEARING",NA,NA,NA,"AREA GROWN"," 50.0 TO 99.9 ACRES",NA,"16","72.6",NA
"CENSUS",2022,"YEAR","NATIONAL","US TOTAL","STRAWBERRIES - OPERATIONS WITH AREA NON-BEARING",NA,NA,NA,NA,NA,NA,NA,"8.4","2,130"
"CENSUS",2022,"YEAR","STATE","ALABAMA","STRAWBERRIES - ACRES BEARING",NA,NA,NA,NA,NA,NA,NA,"16.9","162"
"CENSUS",2022,"YEAR","STATE","ALABAMA","STRAWBERRIES - ACRES GROWN",NA,NA,NA,NA,NA,NA,NA,"17.5","171"
"CENSUS",2022,"YEAR","STATE","ALABAMA","STRAWBERRIES - ACRES NON-BEARING",NA,NA,NA,NA,NA,NA,NA,"80.0","9"
"CENSUS",2022,"YEAR","STATE","ALABAMA","STRAWBERRIES - OPERATIONS WITH AREA BEARING",NA,NA,NA,NA,NA,NA,NA,"19.7","107"
"CENSUS",2022,"YEAR","STATE","ALABAMA","STRAWBERRIES - OPERATIONS WITH AREA GROWN",NA,NA,NA,NA,NA,NA,NA,"17.5","119"
"CENSUS",2022,"YEAR","STATE","ALABAMA","STRAWBERRIES - OPERATIONS WITH AREA NON-BEARING",NA,NA,NA,NA,NA,NA,NA,"26.9","18"
"CENSUS",2022,"YEAR","STATE","ALASKA","STRAWBERRIES - ACRES BEARING",NA,NA,NA,NA,NA,NA,NA,"(L)","11"
"CENSUS",2022,"YEAR","STATE","ALASKA","STRAWBERRIES - ACRES GROWN",NA,NA,NA,NA,NA,NA,NA,"(L)","14"
"CENSUS",2022,"YEAR","STATE","ALASKA","STRAWBERRIES - ACRES NON-BEARING",NA,NA,NA,NA,NA,NA,NA,"(L)","3"
"CENSUS",2022,"YEAR","STATE","ALASKA","STRAWBERRIES - OPERATIONS WITH AREA BEARING",NA,NA,NA,NA,NA,NA,NA,"(L)","45"
"CENSUS",2022,"YEAR","STATE","ALASKA","STRAWBERRIES - OPERATIONS WITH AREA GROWN",NA,NA,NA,NA,NA,NA,NA,"(L)","50"
"CENSUS",2022,"YEAR","STATE","ALASKA","STRAWBERRIES - OPERATIONS WITH AREA NON-BEARING",NA,NA,NA,NA,NA,NA,NA,"(L)","8"
"CENSUS",2022,"YEAR","STATE","ARIZONA","STRAWBERRIES - ACRES BEARING",NA,NA,NA,NA,NA,NA,NA,"29.4","3"
"CENSUS",2022,"YEAR","STATE","ARIZONA","STRAWBERRIES - ACRES GROWN",NA,NA,NA,NA,NA,NA,NA,"33.8","4"
"CENSUS",2022,"YEAR","STATE","ARIZONA","STRAWBERRIES - ACRES NON-BEARING",NA,NA,NA,NA,NA,NA,NA,"93.3","1"
"CENSUS",2022,"YEAR","STATE","ARIZONA","STRAWBERRIES - OPERATIONS WITH AREA BEARING",NA,NA,NA,NA,NA,NA,NA,"25.8","16"
"CENSUS",2022,"YEAR","STATE","ARIZONA","STRAWBERRIES - OPERATIONS WITH AREA GROWN",NA,NA,NA,NA,NA,NA,NA,"15.8","24"
"CENSUS",2022,"YEAR","STATE","ARIZONA","STRAWBERRIES - OPERATIONS WITH AREA NON-BEARING",NA,NA,NA,NA,NA,NA,NA,"38.0","9"
"CENSUS",2022,"YEAR","STATE","ARKANSAS","STRAWBERRIES - ACRES BEARING",NA,NA,NA,NA,NA,NA,NA,"33.4","116"
"CENSUS",2022,"YEAR","STATE","ARKANSAS","STRAWBERRIES - ACRES GROWN",NA,NA,NA,NA,NA,NA,NA,"33.0","128"
"CENSUS",2022,"YEAR","STATE","ARKANSAS","STRAWBERRIES - ACRES NON-BEARING",NA,NA,NA,NA,NA,NA,NA,"42.1","12"
"CENSUS",2022,"YEAR","STATE","ARKANSAS","STRAWBERRIES - OPERATIONS WITH AREA BEARING",NA,NA,NA,NA,NA,NA,NA,"36.0","71"
"CENSUS",2022,"YEAR","STATE","ARKANSAS","STRAWBERRIES - OPERATIONS WITH AREA GROWN",NA,NA,NA,NA,NA,NA,NA,"35.7","80"
"CENSUS",2022,"YEAR","STATE","ARKANSAS","STRAWBERRIES - OPERATIONS WITH AREA NON-BEARING",NA,NA,NA,NA,NA,NA,NA,"34.2","24"
"CENSUS",2022,"YEAR","STATE","CALIFORNIA","STRAWBERRIES - ACRES BEARING",NA,NA,NA,"AREA GROWN"," 0.1 TO 0.9 ACRES",NA,"(D)","(D)",NA
"CENSUS",2022,"YEAR","STATE","CALIFORNIA","STRAWBERRIES - ACRES BEARING",NA,NA,NA,"AREA GROWN"," 1.0 TO 4.9 ACRES",NA,"138","(H)",NA
"CENSUS",2022,"YEAR","STATE","CALIFORNIA","STRAWBERRIES - ACRES BEARING",NA,NA,NA,"AREA GROWN"," 100 OR MORE ACRES",NA,"35,019","32.5",NA
"CENSUS",2022,"YEAR","STATE","CALIFORNIA","STRAWBERRIES - ACRES BEARING",NA,NA,NA,"AREA GROWN"," 15.0 TO 24.9 ACRES",NA,"(D)","(D)",NA
"CENSUS",2022,"YEAR","STATE","CALIFORNIA","STRAWBERRIES - ACRES BEARING",NA,NA,NA,"AREA GROWN"," 25.0 TO 49.9 ACRES",NA,"1,699","31.0",NA
"CENSUS",2022,"YEAR","STATE","CALIFORNIA","STRAWBERRIES - ACRES BEARING",NA,NA,NA,"AREA GROWN"," 5.0 TO 14.9 ACRES",NA,"370","31.6",NA
"CENSUS",2022,"YEAR","STATE","CALIFORNIA","STRAWBERRIES - ACRES BEARING",NA,NA,NA,"AREA GROWN"," 50.0 TO 99.9 ACRES",NA,"8,154","68.4",NA
"CENSUS",2022,"YEAR","STATE","CALIFORNIA","STRAWBERRIES - ACRES BEARING",NA,NA,NA,NA,NA,NA,NA,"21.8","46,093"
"CENSUS",2022,"YEAR","STATE","CALIFORNIA","STRAWBERRIES - ACRES GROWN",NA,NA,NA,"AREA GROWN"," 0.1 TO 0.9 ACRES",NA,"46","45.6",NA
"CENSUS",2022,"YEAR","STATE","CALIFORNIA","STRAWBERRIES - ACRES GROWN",NA,NA,NA,"AREA GROWN"," 1.0 TO 4.9 ACRES",NA,"165","91.9",NA
"CENSUS",2022,"YEAR","STATE","CALIFORNIA","STRAWBERRIES - ACRES GROWN",NA,NA,NA,"AREA GROWN"," 100 OR MORE ACRES",NA,"35,457","32.1",NA
"CENSUS",2022,"YEAR","STATE","CALIFORNIA","STRAWBERRIES - ACRES GROWN",NA,NA,NA,"AREA GROWN"," 15.0 TO 24.9 ACRES",NA,"676","42.5",NA
"CENSUS",2022,"YEAR","STATE","CALIFORNIA","STRAWBERRIES - ACRES GROWN",NA,NA,NA,"AREA GROWN"," 25.0 TO 49.9 ACRES",NA,"1,736","30.8",NA
"CENSUS",2022,"YEAR","STATE","CALIFORNIA","STRAWBERRIES - ACRES GROWN",NA,NA,NA,"AREA GROWN"," 5.0 TO 14.9 ACRES",NA,"409","31.8",NA
"CENSUS",2022,"YEAR","STATE","CALIFORNIA","STRAWBERRIES - ACRES GROWN",NA,NA,NA,"AREA GROWN"," 50.0 TO 99.9 ACRES",NA,"8,323","65.6",NA
"CENSUS",2022,"YEAR","STATE","CALIFORNIA","STRAWBERRIES - ACRES GROWN",NA,NA,NA,NA,NA,NA,NA,"21.9","46,813"
"CENSUS",2022,"YEAR","STATE","CALIFORNIA","STRAWBERRIES - ACRES NON-BEARING",NA,NA,NA,"AREA GROWN"," 0.1 TO 0.9 ACRES",NA,"(D)","(D)",NA
"CENSUS",2022,"YEAR","STATE","CALIFORNIA","STRAWBERRIES - ACRES NON-BEARING",NA,NA,NA,"AREA GROWN"," 1.0 TO 4.9 ACRES",NA,"27","23.5",NA
"CENSUS",2022,"YEAR","STATE","CALIFORNIA","STRAWBERRIES - ACRES NON-BEARING",NA,NA,NA,"AREA GROWN"," 100 OR MORE ACRES",NA,"438","6.4",NA
"CENSUS",2022,"YEAR","STATE","CALIFORNIA","STRAWBERRIES - ACRES NON-BEARING",NA,NA,NA,"AREA GROWN"," 15.0 TO 24.9 ACRES",NA,"(D)","(D)",NA
"CENSUS",2022,"YEAR","STATE","CALIFORNIA","STRAWBERRIES - ACRES NON-BEARING",NA,NA,NA,"AREA GROWN"," 25.0 TO 49.9 ACRES",NA,"38","83.7",NA
"CENSUS",2022,"YEAR","STATE","CALIFORNIA","STRAWBERRIES - ACRES NON-BEARING",NA,NA,NA,"AREA GROWN"," 5.0 TO 14.9 ACRES",NA,"40","52.1",NA
"CENSUS",2022,"YEAR","STATE","CALIFORNIA","STRAWBERRIES - ACRES NON-BEARING",NA,NA,NA,"AREA GROWN"," 50.0 TO 99.9 ACRES",NA,"169","(H)",NA
"CENSUS",2022,"YEAR","STATE","CALIFORNIA","STRAWBERRIES - ACRES NON-BEARING",NA,NA,NA,NA,NA,NA,NA,"50.2","720"
"CENSUS",2022,"YEAR","STATE","CALIFORNIA","STRAWBERRIES - OPERATIONS WITH AREA BEARING",NA,NA,NA,"AREA GROWN"," 0.1 TO 0.9 ACRES",NA,"189","39.6",NA
"CENSUS",2022,"YEAR","STATE","CALIFORNIA","STRAWBERRIES - OPERATIONS WITH AREA BEARING",NA,NA,NA,"AREA GROWN"," 1.0 TO 4.9 ACRES",NA,"74","98.6",NA
"CENSUS",2022,"YEAR","STATE","CALIFORNIA","STRAWBERRIES - OPERATIONS WITH AREA BEARING",NA,NA,NA,"AREA GROWN"," 100 OR MORE ACRES",NA,"114","34.3",NA
"CENSUS",2022,"YEAR","STATE","CALIFORNIA","STRAWBERRIES - OPERATIONS WITH AREA BEARING",NA,NA,NA,"AREA GROWN"," 15.0 TO 24.9 ACRES",NA,"36","43.5",NA
"CENSUS",2022,"YEAR","STATE","CALIFORNIA","STRAWBERRIES - OPERATIONS WITH AREA BEARING",NA,NA,NA,"AREA GROWN"," 25.0 TO 49.9 ACRES",NA,"47","27.1",NA
"CENSUS",2022,"YEAR","STATE","CALIFORNIA","STRAWBERRIES - OPERATIONS WITH AREA BEARING",NA,NA,NA,"AREA GROWN"," 5.0 TO 14.9 ACRES",NA,"52","29.4",NA
"CENSUS",2022,"YEAR","STATE","CALIFORNIA","STRAWBERRIES - OPERATIONS WITH AREA BEARING",NA,NA,NA,"AREA GROWN"," 50.0 TO 99.9 ACRES",NA,"114","63.8",NA
"CENSUS",2022,"YEAR","STATE","CALIFORNIA","STRAWBERRIES - OPERATIONS WITH AREA BEARING",NA,NA,NA,NA,NA,NA,NA,"26.9","626"
"CENSUS",2022,"YEAR","STATE","CALIFORNIA","STRAWBERRIES - OPERATIONS WITH AREA GROWN",NA,NA,NA,"AREA GROWN"," 0.1 TO 0.9 ACRES",NA,"212","42.6",NA
"CENSUS",2022,"YEAR","STATE","CALIFORNIA","STRAWBERRIES - OPERATIONS WITH AREA GROWN",NA,NA,NA,"AREA GROWN"," 1.0 TO 4.9 ACRES",NA,"76","93.5",NA
"CENSUS",2022,"YEAR","STATE","CALIFORNIA","STRAWBERRIES - OPERATIONS WITH AREA GROWN",NA,NA,NA,"AREA GROWN"," 100 OR MORE ACRES",NA,"114","34.3",NA
"CENSUS",2022,"YEAR","STATE","CALIFORNIA","STRAWBERRIES - OPERATIONS WITH AREA GROWN",NA,NA,NA,"AREA GROWN"," 15.0 TO 24.9 ACRES",NA,"36","43.5",NA
"CENSUS",2022,"YEAR","STATE","CALIFORNIA","STRAWBERRIES - OPERATIONS WITH AREA GROWN",NA,NA,NA,"AREA GROWN"," 25.0 TO 49.9 ACRES",NA,"47","27.1",NA
"CENSUS",2022,"YEAR","STATE","CALIFORNIA","STRAWBERRIES - OPERATIONS WITH AREA GROWN",NA,NA,NA,"AREA GROWN"," 5.0 TO 14.9 ACRES",NA,"52","29.4",NA
"CENSUS",2022,"YEAR","STATE","CALIFORNIA","STRAWBERRIES - OPERATIONS WITH AREA GROWN",NA,NA,NA,"AREA GROWN"," 50.0 TO 99.9 ACRES",NA,"114","63.8",NA
"CENSUS",2022,"YEAR","STATE","CALIFORNIA","STRAWBERRIES - OPERATIONS WITH AREA GROWN",NA,NA,NA,NA,NA,NA,NA,"27.8","651"
"CENSUS",2022,"YEAR","STATE","CALIFORNIA","STRAWBERRIES - OPERATIONS WITH AREA NON-BEARING",NA,NA,NA,"AREA GROWN"," 0.1 TO 0.9 ACRES",NA,"32","92.0",NA
"CENSUS",2022,"YEAR","STATE","CALIFORNIA","STRAWBERRIES - OPERATIONS WITH AREA NON-BEARING",NA,NA,NA,"AREA GROWN"," 1.0 TO 4.9 ACRES",NA,"22","39.5",NA
"CENSUS",2022,"YEAR","STATE","CALIFORNIA","STRAWBERRIES - OPERATIONS WITH AREA NON-BEARING",NA,NA,NA,"AREA GROWN"," 100 OR MORE ACRES",NA,"10","47.4",NA
"CENSUS",2022,"YEAR","STATE","CALIFORNIA","STRAWBERRIES - OPERATIONS WITH AREA NON-BEARING",NA,NA,NA,"AREA GROWN"," 15.0 TO 24.9 ACRES",NA,"1","(H)",NA
"CENSUS",2022,"YEAR","STATE","CALIFORNIA","STRAWBERRIES - OPERATIONS WITH AREA NON-BEARING",NA,NA,NA,"AREA GROWN"," 25.0 TO 49.9 ACRES",NA,"3","83.7",NA
"CENSUS",2022,"YEAR","STATE","CALIFORNIA","STRAWBERRIES - OPERATIONS WITH AREA NON-BEARING",NA,NA,NA,"AREA GROWN"," 5.0 TO 14.9 ACRES",NA,"9","68.3",NA
"CENSUS",2022,"YEAR","STATE","CALIFORNIA","STRAWBERRIES - OPERATIONS WITH AREA NON-BEARING",NA,NA,NA,"AREA GROWN"," 50.0 TO 99.9 ACRES",NA,"8","77.8",NA
"CENSUS",2022,"YEAR","STATE","CALIFORNIA","STRAWBERRIES - OPERATIONS WITH AREA NON-BEARING",NA,NA,NA,NA,NA,NA,NA,"58.8","85"
"CENSUS",2022,"YEAR","STATE","COLORADO","STRAWBERRIES - ACRES BEARING",NA,NA,NA,NA,NA,NA,NA,"73.5","10"
"CENSUS",2022,"YEAR","STATE","COLORADO","STRAWBERRIES - ACRES GROWN",NA,NA,NA,NA,NA,NA,NA,"47.0","30"
"CENSUS",2022,"YEAR","STATE","COLORADO","STRAWBERRIES - ACRES NON-BEARING",NA,NA,NA,NA,NA,NA,NA,"59.7","20"
"CENSUS",2022,"YEAR","STATE","COLORADO","STRAWBERRIES - OPERATIONS WITH AREA BEARING",NA,NA,NA,NA,NA,NA,NA,"18.2","39"
"CENSUS",2022,"YEAR","STATE","COLORADO","STRAWBERRIES - OPERATIONS WITH AREA GROWN",NA,NA,NA,NA,NA,NA,NA,"18.8","64"
"CENSUS",2022,"YEAR","STATE","COLORADO","STRAWBERRIES - OPERATIONS WITH AREA NON-BEARING",NA,NA,NA,NA,NA,NA,NA,"26.5","27"
"CENSUS",2022,"YEAR","STATE","CONNECTICUT","STRAWBERRIES - ACRES BEARING",NA,NA,NA,NA,NA,NA,NA,"22.7","119"
"CENSUS",2022,"YEAR","STATE","CONNECTICUT","STRAWBERRIES - ACRES GROWN",NA,NA,NA,NA,NA,NA,NA,"18.6","156"
"CENSUS",2022,"YEAR","STATE","CONNECTICUT","STRAWBERRIES - ACRES NON-BEARING",NA,NA,NA,NA,NA,NA,NA,"8.6","37"
"CENSUS",2022,"YEAR","STATE","CONNECTICUT","STRAWBERRIES - OPERATIONS WITH AREA BEARING",NA,NA,NA,NA,NA,NA,NA,"17.2","97"
"CENSUS",2022,"YEAR","STATE","CONNECTICUT","STRAWBERRIES - OPERATIONS WITH AREA GROWN",NA,NA,NA,NA,NA,NA,NA,"15.9","128"
"CENSUS",2022,"YEAR","STATE","CONNECTICUT","STRAWBERRIES - OPERATIONS WITH AREA NON-BEARING",NA,NA,NA,NA,NA,NA,NA,"19.4","44"
"CENSUS",2022,"YEAR","STATE","DELAWARE","STRAWBERRIES - ACRES BEARING",NA,NA,NA,NA,NA,NA,NA,"(D)","(D)"
"CENSUS",2022,"YEAR","STATE","DELAWARE","STRAWBERRIES - ACRES GROWN",NA,NA,NA,NA,NA,NA,NA,"5.3","27"
"CENSUS",2022,"YEAR","STATE","DELAWARE","STRAWBERRIES - ACRES NON-BEARING",NA,NA,NA,NA,NA,NA,NA,"(D)","(D)"
"CENSUS",2022,"YEAR","STATE","DELAWARE","STRAWBERRIES - OPERATIONS WITH AREA BEARING",NA,NA,NA,NA,NA,NA,NA,"46.0","14"
"CENSUS",2022,"YEAR","STATE","DELAWARE","STRAWBERRIES - OPERATIONS WITH AREA GROWN",NA,NA,NA,NA,NA,NA,NA,"40.2","16"
"CENSUS",2022,"YEAR","STATE","DELAWARE","STRAWBERRIES - OPERATIONS WITH AREA NON-BEARING",NA,NA,NA,NA,NA,NA,NA,"37.9","5"
"CENSUS",2022,"YEAR","STATE","FLORIDA","STRAWBERRIES - ACRES BEARING",NA,NA,NA,"AREA GROWN"," 0.1 TO 0.9 ACRES",NA,"8","76.1",NA
"CENSUS",2022,"YEAR","STATE","FLORIDA","STRAWBERRIES - ACRES BEARING",NA,NA,NA,"AREA GROWN"," 1.0 TO 4.9 ACRES",NA,"(D)","(D)",NA
"CENSUS",2022,"YEAR","STATE","FLORIDA","STRAWBERRIES - ACRES BEARING",NA,NA,NA,"AREA GROWN"," 100 OR MORE ACRES",NA,"(D)","(D)",NA
"CENSUS",2022,"YEAR","STATE","FLORIDA","STRAWBERRIES - ACRES BEARING",NA,NA,NA,"AREA GROWN"," 15.0 TO 24.9 ACRES",NA,"(D)","(D)",NA
"CENSUS",2022,"YEAR","STATE","FLORIDA","STRAWBERRIES - ACRES BEARING",NA,NA,NA,"AREA GROWN"," 25.0 TO 49.9 ACRES",NA,"1,414","27.7",NA
"CENSUS",2022,"YEAR","STATE","FLORIDA","STRAWBERRIES - ACRES BEARING",NA,NA,NA,"AREA GROWN"," 5.0 TO 14.9 ACRES",NA,"131","22.2",NA
"CENSUS",2022,"YEAR","STATE","FLORIDA","STRAWBERRIES - ACRES BEARING",NA,NA,NA,"AREA GROWN"," 50.0 TO 99.9 ACRES",NA,"1,401","33.5",NA
"CENSUS",2022,"YEAR","STATE","FLORIDA","STRAWBERRIES - ACRES BEARING",NA,NA,NA,NA,NA,NA,NA,"5.9","13,413"
"CENSUS",2022,"YEAR","STATE","FLORIDA","STRAWBERRIES - ACRES GROWN",NA,NA,NA,"AREA GROWN"," 0.1 TO 0.9 ACRES",NA,"8","76.1",NA
"CENSUS",2022,"YEAR","STATE","FLORIDA","STRAWBERRIES - ACRES GROWN",NA,NA,NA,"AREA GROWN"," 1.0 TO 4.9 ACRES",NA,"180","20.1",NA
"CENSUS",2022,"YEAR","STATE","FLORIDA","STRAWBERRIES - ACRES GROWN",NA,NA,NA,"AREA GROWN"," 100 OR MORE ACRES",NA,"9,938","(L)",NA
"CENSUS",2022,"YEAR","STATE","FLORIDA","STRAWBERRIES - ACRES GROWN",NA,NA,NA,"AREA GROWN"," 15.0 TO 24.9 ACRES",NA,"469","59.9",NA
"CENSUS",2022,"YEAR","STATE","FLORIDA","STRAWBERRIES - ACRES GROWN",NA,NA,NA,"AREA GROWN"," 25.0 TO 49.9 ACRES",NA,"1,459","25.0",NA
"CENSUS",2022,"YEAR","STATE","FLORIDA","STRAWBERRIES - ACRES GROWN",NA,NA,NA,"AREA GROWN"," 5.0 TO 14.9 ACRES",NA,"131","22.2",NA
"CENSUS",2022,"YEAR","STATE","FLORIDA","STRAWBERRIES - ACRES GROWN",NA,NA,NA,"AREA GROWN"," 50.0 TO 99.9 ACRES",NA,"1,478","32.4",NA
"CENSUS",2022,"YEAR","STATE","FLORIDA","STRAWBERRIES - ACRES GROWN",NA,NA,NA,NA,NA,NA,NA,"5.5","13,663"
"CENSUS",2022,"YEAR","STATE","FLORIDA","STRAWBERRIES - ACRES NON-BEARING",NA,NA,NA,"AREA GROWN"," 1.0 TO 4.9 ACRES",NA,"(D)","(D)",NA
"CENSUS",2022,"YEAR","STATE","FLORIDA","STRAWBERRIES - ACRES NON-BEARING",NA,NA,NA,"AREA GROWN"," 100 OR MORE ACRES",NA,"(D)","(D)",NA
"CENSUS",2022,"YEAR","STATE","FLORIDA","STRAWBERRIES - ACRES NON-BEARING",NA,NA,NA,"AREA GROWN"," 15.0 TO 24.9 ACRES",NA,"(D)","(D)",NA
"CENSUS",2022,"YEAR","STATE","FLORIDA","STRAWBERRIES - ACRES NON-BEARING",NA,NA,NA,"AREA GROWN"," 25.0 TO 49.9 ACRES",NA,"45","(H)",NA
"CENSUS",2022,"YEAR","STATE","FLORIDA","STRAWBERRIES - ACRES NON-BEARING",NA,NA,NA,"AREA GROWN"," 50.0 TO 99.9 ACRES",NA,"76","13.4",NA
"CENSUS",2022,"YEAR","STATE","FLORIDA","STRAWBERRIES - ACRES NON-BEARING",NA,NA,NA,NA,NA,NA,NA,"23.3","249"
"CENSUS",2022,"YEAR","STATE","FLORIDA","STRAWBERRIES - OPERATIONS WITH AREA BEARING",NA,NA,NA,"AREA GROWN"," 0.1 TO 0.9 ACRES",NA,"54","33.2",NA
"CENSUS",2022,"YEAR","STATE","FLORIDA","STRAWBERRIES - OPERATIONS WITH AREA BEARING",NA,NA,NA,"AREA GROWN"," 1.0 TO 4.9 ACRES",NA,"82","21.1",NA
"CENSUS",2022,"YEAR","STATE","FLORIDA","STRAWBERRIES - OPERATIONS WITH AREA BEARING",NA,NA,NA,"AREA GROWN"," 100 OR MORE ACRES",NA,"38","(L)",NA
"CENSUS",2022,"YEAR","STATE","FLORIDA","STRAWBERRIES - OPERATIONS WITH AREA BEARING",NA,NA,NA,"AREA GROWN"," 15.0 TO 24.9 ACRES",NA,"22","59.0",NA
"CENSUS",2022,"YEAR","STATE","FLORIDA","STRAWBERRIES - OPERATIONS WITH AREA BEARING",NA,NA,NA,"AREA GROWN"," 25.0 TO 49.9 ACRES",NA,"43","22.5",NA
"CENSUS",2022,"YEAR","STATE","FLORIDA","STRAWBERRIES - OPERATIONS WITH AREA BEARING",NA,NA,NA,"AREA GROWN"," 5.0 TO 14.9 ACRES",NA,"19","18.7",NA
"CENSUS",2022,"YEAR","STATE","FLORIDA","STRAWBERRIES - OPERATIONS WITH AREA BEARING",NA,NA,NA,"AREA GROWN"," 50.0 TO 99.9 ACRES",NA,"22","41.1",NA
"CENSUS",2022,"YEAR","STATE","FLORIDA","STRAWBERRIES - OPERATIONS WITH AREA BEARING",NA,NA,NA,NA,NA,NA,NA,"12.6","280"
"CENSUS",2022,"YEAR","STATE","FLORIDA","STRAWBERRIES - OPERATIONS WITH AREA GROWN",NA,NA,NA,"AREA GROWN"," 0.1 TO 0.9 ACRES",NA,"54","33.2",NA
"CENSUS",2022,"YEAR","STATE","FLORIDA","STRAWBERRIES - OPERATIONS WITH AREA GROWN",NA,NA,NA,"AREA GROWN"," 1.0 TO 4.9 ACRES",NA,"82","21.1",NA
"CENSUS",2022,"YEAR","STATE","FLORIDA","STRAWBERRIES - OPERATIONS WITH AREA GROWN",NA,NA,NA,"AREA GROWN"," 100 OR MORE ACRES",NA,"38","(L)",NA
"CENSUS",2022,"YEAR","STATE","FLORIDA","STRAWBERRIES - OPERATIONS WITH AREA GROWN",NA,NA,NA,"AREA GROWN"," 15.0 TO 24.9 ACRES",NA,"22","59.0",NA
"CENSUS",2022,"YEAR","STATE","FLORIDA","STRAWBERRIES - OPERATIONS WITH AREA GROWN",NA,NA,NA,"AREA GROWN"," 25.0 TO 49.9 ACRES",NA,"43","22.5",NA
"CENSUS",2022,"YEAR","STATE","FLORIDA","STRAWBERRIES - OPERATIONS WITH AREA GROWN",NA,NA,NA,"AREA GROWN"," 5.0 TO 14.9 ACRES",NA,"19","18.7",NA
"CENSUS",2022,"YEAR","STATE","FLORIDA","STRAWBERRIES - OPERATIONS WITH AREA GROWN",NA,NA,NA,"AREA GROWN"," 50.0 TO 99.9 ACRES",NA,"22","41.1",NA
"CENSUS",2022,"YEAR","STATE","FLORIDA","STRAWBERRIES - OPERATIONS WITH AREA GROWN",NA,NA,NA,NA,NA,NA,NA,"12.6","280"
"CENSUS",2022,"YEAR","STATE","FLORIDA","STRAWBERRIES - OPERATIONS WITH AREA NON-BEARING",NA,NA,NA,"AREA GROWN"," 1.0 TO 4.9 ACRES",NA,"2","82.2",NA
"CENSUS",2022,"YEAR","STATE","FLORIDA","STRAWBERRIES - OPERATIONS WITH AREA NON-BEARING",NA,NA,NA,"AREA GROWN"," 100 OR MORE ACRES",NA,"4","(L)",NA
"CENSUS",2022,"YEAR","STATE","FLORIDA","STRAWBERRIES - OPERATIONS WITH AREA NON-BEARING",NA,NA,NA,"AREA GROWN"," 15.0 TO 24.9 ACRES",NA,"3","(H)",NA
"CENSUS",2022,"YEAR","STATE","FLORIDA","STRAWBERRIES - OPERATIONS WITH AREA NON-BEARING",NA,NA,NA,"AREA GROWN"," 25.0 TO 49.9 ACRES",NA,"3","(H)",NA
"CENSUS",2022,"YEAR","STATE","FLORIDA","STRAWBERRIES - OPERATIONS WITH AREA NON-BEARING",NA,NA,NA,"AREA GROWN"," 50.0 TO 99.9 ACRES",NA,"5","68.4",NA
"CENSUS",2022,"YEAR","STATE","FLORIDA","STRAWBERRIES - OPERATIONS WITH AREA NON-BEARING",NA,NA,NA,NA,NA,NA,NA,"31.6","17"
"CENSUS",2022,"YEAR","STATE","GEORGIA","STRAWBERRIES - ACRES BEARING",NA,NA,NA,NA,NA,NA,NA,"13.0","249"
"CENSUS",2022,"YEAR","STATE","GEORGIA","STRAWBERRIES - ACRES GROWN",NA,NA,NA,NA,NA,NA,NA,"12.7","269"
"CENSUS",2022,"YEAR","STATE","GEORGIA","STRAWBERRIES - ACRES NON-BEARING",NA,NA,NA,NA,NA,NA,NA,"31.0","21"
"CENSUS",2022,"YEAR","STATE","GEORGIA","STRAWBERRIES - OPERATIONS WITH AREA BEARING",NA,NA,NA,NA,NA,NA,NA,"16.0","121"
"CENSUS",2022,"YEAR","STATE","GEORGIA","STRAWBERRIES - OPERATIONS WITH AREA GROWN",NA,NA,NA,NA,NA,NA,NA,"18.6","150"
"CENSUS",2022,"YEAR","STATE","GEORGIA","STRAWBERRIES - OPERATIONS WITH AREA NON-BEARING",NA,NA,NA,NA,NA,NA,NA,"31.0","41"
"CENSUS",2022,"YEAR","STATE","HAWAII","STRAWBERRIES - ACRES BEARING",NA,NA,NA,NA,NA,NA,NA,"(D)","(D)"
"CENSUS",2022,"YEAR","STATE","HAWAII","STRAWBERRIES - ACRES GROWN",NA,NA,NA,NA,NA,NA,NA,"2.9","10"
"CENSUS",2022,"YEAR","STATE","HAWAII","STRAWBERRIES - ACRES NON-BEARING",NA,NA,NA,NA,NA,NA,NA,"(D)","(D)"
"CENSUS",2022,"YEAR","STATE","HAWAII","STRAWBERRIES - OPERATIONS WITH AREA BEARING",NA,NA,NA,NA,NA,NA,NA,"29.0","8"
"CENSUS",2022,"YEAR","STATE","HAWAII","STRAWBERRIES - OPERATIONS WITH AREA GROWN",NA,NA,NA,NA,NA,NA,NA,"27.3","11"
"CENSUS",2022,"YEAR","STATE","HAWAII","STRAWBERRIES - OPERATIONS WITH AREA NON-BEARING",NA,NA,NA,NA,NA,NA,NA,"33.5","4"
"CENSUS",2022,"YEAR","STATE","IDAHO","STRAWBERRIES - ACRES BEARING",NA,NA,NA,NA,NA,NA,NA,"22.8","30"
"CENSUS",2022,"YEAR","STATE","IDAHO","STRAWBERRIES - ACRES GROWN",NA,NA,NA,NA,NA,NA,NA,"22.5","32"
"CENSUS",2022,"YEAR","STATE","IDAHO","STRAWBERRIES - ACRES NON-BEARING",NA,NA,NA,NA,NA,NA,NA,"29.2","1"
"CENSUS",2022,"YEAR","STATE","IDAHO","STRAWBERRIES - OPERATIONS WITH AREA BEARING",NA,NA,NA,NA,NA,NA,NA,"15.4","72"
"CENSUS",2022,"YEAR","STATE","IDAHO","STRAWBERRIES - OPERATIONS WITH AREA GROWN",NA,NA,NA,NA,NA,NA,NA,"14.4","78"
"CENSUS",2022,"YEAR","STATE","IDAHO","STRAWBERRIES - OPERATIONS WITH AREA NON-BEARING",NA,NA,NA,NA,NA,NA,NA,"34.2","10"
"CENSUS",2022,"YEAR","STATE","ILLINOIS","STRAWBERRIES - ACRES BEARING",NA,NA,NA,NA,NA,NA,NA,"13.7","175"
"CENSUS",2022,"YEAR","STATE","ILLINOIS","STRAWBERRIES - ACRES GROWN",NA,NA,NA,NA,NA,NA,NA,"11.7","208"
"CENSUS",2022,"YEAR","STATE","ILLINOIS","STRAWBERRIES - ACRES NON-BEARING",NA,NA,NA,NA,NA,NA,NA,"5.4","33"
"CENSUS",2022,"YEAR","STATE","ILLINOIS","STRAWBERRIES - OPERATIONS WITH AREA BEARING",NA,NA,NA,NA,NA,NA,NA,"14.1","154"
"CENSUS",2022,"YEAR","STATE","ILLINOIS","STRAWBERRIES - OPERATIONS WITH AREA GROWN",NA,NA,NA,NA,NA,NA,NA,"12.7","184"
"CENSUS",2022,"YEAR","STATE","ILLINOIS","STRAWBERRIES - OPERATIONS WITH AREA NON-BEARING",NA,NA,NA,NA,NA,NA,NA,"15.4","52"
"CENSUS",2022,"YEAR","STATE","INDIANA","STRAWBERRIES - ACRES BEARING",NA,NA,NA,NA,NA,NA,NA,"7.1","220"
"CENSUS",2022,"YEAR","STATE","INDIANA","STRAWBERRIES - ACRES GROWN",NA,NA,NA,NA,NA,NA,NA,"7.3","262"
"CENSUS",2022,"YEAR","STATE","INDIANA","STRAWBERRIES - ACRES NON-BEARING",NA,NA,NA,NA,NA,NA,NA,"10.2","41"
"CENSUS",2022,"YEAR","STATE","INDIANA","STRAWBERRIES - OPERATIONS WITH AREA BEARING",NA,NA,NA,NA,NA,NA,NA,"12.1","223"
"CENSUS",2022,"YEAR","STATE","INDIANA","STRAWBERRIES - OPERATIONS WITH AREA GROWN",NA,NA,NA,NA,NA,NA,NA,"10.7","248"
"CENSUS",2022,"YEAR","STATE","INDIANA","STRAWBERRIES - OPERATIONS WITH AREA NON-BEARING",NA,NA,NA,NA,NA,NA,NA,"17.7","47"
"CENSUS",2022,"YEAR","STATE","IOWA","STRAWBERRIES - ACRES BEARING",NA,NA,NA,NA,NA,NA,NA,"16.8","144"
"CENSUS",2022,"YEAR","STATE","IOWA","STRAWBERRIES - ACRES GROWN",NA,NA,NA,NA,NA,NA,NA,"18.2","169"
"CENSUS",2022,"YEAR","STATE","IOWA","STRAWBERRIES - ACRES NON-BEARING",NA,NA,NA,NA,NA,NA,NA,"33.8","25"
"CENSUS",2022,"YEAR","STATE","IOWA","STRAWBERRIES - OPERATIONS WITH AREA BEARING",NA,NA,NA,NA,NA,NA,NA,"19.5","126"
"CENSUS",2022,"YEAR","STATE","IOWA","STRAWBERRIES - OPERATIONS WITH AREA GROWN",NA,NA,NA,NA,NA,NA,NA,"18.8","145"
"CENSUS",2022,"YEAR","STATE","IOWA","STRAWBERRIES - OPERATIONS WITH AREA NON-BEARING",NA,NA,NA,NA,NA,NA,NA,"24.0","36"
"CENSUS",2022,"YEAR","STATE","KANSAS","STRAWBERRIES - ACRES BEARING",NA,NA,NA,NA,NA,NA,NA,"24.0","27"
"CENSUS",2022,"YEAR","STATE","KANSAS","STRAWBERRIES - ACRES GROWN",NA,NA,NA,NA,NA,NA,NA,"21.8","32"
"CENSUS",2022,"YEAR","STATE","KANSAS","STRAWBERRIES - ACRES NON-BEARING",NA,NA,NA,NA,NA,NA,NA,"39.3","5"
"CENSUS",2022,"YEAR","STATE","KANSAS","STRAWBERRIES - OPERATIONS WITH AREA BEARING",NA,NA,NA,NA,NA,NA,NA,"26.9","42"
"CENSUS",2022,"YEAR","STATE","KANSAS","STRAWBERRIES - OPERATIONS WITH AREA GROWN",NA,NA,NA,NA,NA,NA,NA,"22.7","49"
"CENSUS",2022,"YEAR","STATE","KANSAS","STRAWBERRIES - OPERATIONS WITH AREA NON-BEARING",NA,NA,NA,NA,NA,NA,NA,"21.1","9"
"CENSUS",2022,"YEAR","STATE","KENTUCKY","STRAWBERRIES - ACRES BEARING",NA,NA,NA,NA,NA,NA,NA,"28.1","128"
"CENSUS",2022,"YEAR","STATE","KENTUCKY","STRAWBERRIES - ACRES GROWN",NA,NA,NA,NA,NA,NA,NA,"28.0","152"
"CENSUS",2022,"YEAR","STATE","KENTUCKY","STRAWBERRIES - ACRES NON-BEARING",NA,NA,NA,NA,NA,NA,NA,"32.9","25"
"CENSUS",2022,"YEAR","STATE","KENTUCKY","STRAWBERRIES - OPERATIONS WITH AREA BEARING",NA,NA,NA,NA,NA,NA,NA,"42.3","218"
"CENSUS",2022,"YEAR","STATE","KENTUCKY","STRAWBERRIES - OPERATIONS WITH AREA GROWN",NA,NA,NA,NA,NA,NA,NA,"45.4","262"
"CENSUS",2022,"YEAR","STATE","KENTUCKY","STRAWBERRIES - OPERATIONS WITH AREA NON-BEARING",NA,NA,NA,NA,NA,NA,NA,"42.7","85"
"CENSUS",2022,"YEAR","STATE","LOUISIANA","STRAWBERRIES - ACRES BEARING",NA,NA,NA,NA,NA,NA,NA,"34.2","182"
"CENSUS",2022,"YEAR","STATE","LOUISIANA","STRAWBERRIES - ACRES GROWN",NA,NA,NA,NA,NA,NA,NA,"34.2","182"
"CENSUS",2022,"YEAR","STATE","LOUISIANA","STRAWBERRIES - ACRES NON-BEARING",NA,NA,NA,NA,NA,NA,NA,"63.2","(Z)"
"CENSUS",2022,"YEAR","STATE","LOUISIANA","STRAWBERRIES - OPERATIONS WITH AREA BEARING",NA,NA,NA,NA,NA,NA,NA,"33.9","39"
"CENSUS",2022,"YEAR","STATE","LOUISIANA","STRAWBERRIES - OPERATIONS WITH AREA GROWN",NA,NA,NA,NA,NA,NA,NA,"33.9","39"
"CENSUS",2022,"YEAR","STATE","LOUISIANA","STRAWBERRIES - OPERATIONS WITH AREA NON-BEARING",NA,NA,NA,NA,NA,NA,NA,"63.2","3"
"CENSUS",2022,"YEAR","STATE","MAINE","STRAWBERRIES - ACRES BEARING",NA,NA,NA,NA,NA,NA,NA,"35.3","293"
"CENSUS",2022,"YEAR","STATE","MAINE","STRAWBERRIES - ACRES GROWN",NA,NA,NA,NA,NA,NA,NA,"31.3","371"
"CENSUS",2022,"YEAR","STATE","MAINE","STRAWBERRIES - ACRES NON-BEARING",NA,NA,NA,NA,NA,NA,NA,"18.9","78"
"CENSUS",2022,"YEAR","STATE","MAINE","STRAWBERRIES - OPERATIONS WITH AREA BEARING",NA,NA,NA,NA,NA,NA,NA,"11.7","154"
"CENSUS",2022,"YEAR","STATE","MAINE","STRAWBERRIES - OPERATIONS WITH AREA GROWN",NA,NA,NA,NA,NA,NA,NA,"12.5","193"
"CENSUS",2022,"YEAR","STATE","MAINE","STRAWBERRIES - OPERATIONS WITH AREA NON-BEARING",NA,NA,NA,NA,NA,NA,NA,"14.2","94"
"CENSUS",2022,"YEAR","STATE","MARYLAND","STRAWBERRIES - ACRES BEARING",NA,NA,NA,NA,NA,NA,NA,"4.8","135"
"CENSUS",2022,"YEAR","STATE","MARYLAND","STRAWBERRIES - ACRES GROWN",NA,NA,NA,NA,NA,NA,NA,"4.1","150"
"CENSUS",2022,"YEAR","STATE","MARYLAND","STRAWBERRIES - ACRES NON-BEARING",NA,NA,NA,NA,NA,NA,NA,"27.3","15"
"CENSUS",2022,"YEAR","STATE","MARYLAND","STRAWBERRIES - OPERATIONS WITH AREA BEARING",NA,NA,NA,NA,NA,NA,NA,"11.4","129"
"CENSUS",2022,"YEAR","STATE","MARYLAND","STRAWBERRIES - OPERATIONS WITH AREA GROWN",NA,NA,NA,NA,NA,NA,NA,"11.3","142"
"CENSUS",2022,"YEAR","STATE","MARYLAND","STRAWBERRIES - OPERATIONS WITH AREA NON-BEARING",NA,NA,NA,NA,NA,NA,NA,"19.6","26"
"CENSUS",2022,"YEAR","STATE","MASSACHUSETTS","STRAWBERRIES - ACRES BEARING",NA,NA,NA,NA,NA,NA,NA,"11.3","258"
"CENSUS",2022,"YEAR","STATE","MASSACHUSETTS","STRAWBERRIES - ACRES GROWN",NA,NA,NA,NA,NA,NA,NA,"13.5","303"
"CENSUS",2022,"YEAR","STATE","MASSACHUSETTS","STRAWBERRIES - ACRES NON-BEARING",NA,NA,NA,NA,NA,NA,NA,"29.6","45"
"CENSUS",2022,"YEAR","STATE","MASSACHUSETTS","STRAWBERRIES - OPERATIONS WITH AREA BEARING",NA,NA,NA,NA,NA,NA,NA,"12.6","233"
"CENSUS",2022,"YEAR","STATE","MASSACHUSETTS","STRAWBERRIES - OPERATIONS WITH AREA GROWN",NA,NA,NA,NA,NA,NA,NA,"9.6","249"
"CENSUS",2022,"YEAR","STATE","MASSACHUSETTS","STRAWBERRIES - OPERATIONS WITH AREA NON-BEARING",NA,NA,NA,NA,NA,NA,NA,"20.0","70"
"CENSUS",2022,"YEAR","STATE","MICHIGAN","STRAWBERRIES - ACRES BEARING",NA,NA,NA,"AREA GROWN"," 0.1 TO 0.9 ACRES",NA,"(D)","(D)",NA
"CENSUS",2022,"YEAR","STATE","MICHIGAN","STRAWBERRIES - ACRES BEARING",NA,NA,NA,"AREA GROWN"," 1.0 TO 4.9 ACRES",NA,"164","10.4",NA
"CENSUS",2022,"YEAR","STATE","MICHIGAN","STRAWBERRIES - ACRES BEARING",NA,NA,NA,"AREA GROWN"," 15.0 TO 24.9 ACRES",NA,"(D)","(D)",NA
"CENSUS",2022,"YEAR","STATE","MICHIGAN","STRAWBERRIES - ACRES BEARING",NA,NA,NA,"AREA GROWN"," 25.0 TO 49.9 ACRES",NA,"88","67.2",NA
"CENSUS",2022,"YEAR","STATE","MICHIGAN","STRAWBERRIES - ACRES BEARING",NA,NA,NA,"AREA GROWN"," 5.0 TO 14.9 ACRES",NA,"324","12.5",NA
"CENSUS",2022,"YEAR","STATE","MICHIGAN","STRAWBERRIES - ACRES BEARING",NA,NA,NA,NA,NA,NA,NA,"28.0","714"
"CENSUS",2022,"YEAR","STATE","MICHIGAN","STRAWBERRIES - ACRES GROWN",NA,NA,NA,"AREA GROWN"," 0.1 TO 0.9 ACRES",NA,"59","10.1",NA
"CENSUS",2022,"YEAR","STATE","MICHIGAN","STRAWBERRIES - ACRES GROWN",NA,NA,NA,"AREA GROWN"," 1.0 TO 4.9 ACRES",NA,"195","8.7",NA
"CENSUS",2022,"YEAR","STATE","MICHIGAN","STRAWBERRIES - ACRES GROWN",NA,NA,NA,"AREA GROWN"," 15.0 TO 24.9 ACRES",NA,"92","(H)",NA
"CENSUS",2022,"YEAR","STATE","MICHIGAN","STRAWBERRIES - ACRES GROWN",NA,NA,NA,"AREA GROWN"," 25.0 TO 49.9 ACRES",NA,"115","61.9",NA
"CENSUS",2022,"YEAR","STATE","MICHIGAN","STRAWBERRIES - ACRES GROWN",NA,NA,NA,"AREA GROWN"," 5.0 TO 14.9 ACRES",NA,"415","11.6",NA
"CENSUS",2022,"YEAR","STATE","MICHIGAN","STRAWBERRIES - ACRES GROWN",NA,NA,NA,NA,NA,NA,NA,"25.3","875"
"CENSUS",2022,"YEAR","STATE","MICHIGAN","STRAWBERRIES - ACRES NON-BEARING",NA,NA,NA,"AREA GROWN"," 0.1 TO 0.9 ACRES",NA,"(D)","(D)",NA
"CENSUS",2022,"YEAR","STATE","MICHIGAN","STRAWBERRIES - ACRES NON-BEARING",NA,NA,NA,"AREA GROWN"," 1.0 TO 4.9 ACRES",NA,"31","19.3",NA
"CENSUS",2022,"YEAR","STATE","MICHIGAN","STRAWBERRIES - ACRES NON-BEARING",NA,NA,NA,"AREA GROWN"," 15.0 TO 24.9 ACRES",NA,"(D)","(D)",NA
"CENSUS",2022,"YEAR","STATE","MICHIGAN","STRAWBERRIES - ACRES NON-BEARING",NA,NA,NA,"AREA GROWN"," 25.0 TO 49.9 ACRES",NA,"27","44.4",NA
"CENSUS",2022,"YEAR","STATE","MICHIGAN","STRAWBERRIES - ACRES NON-BEARING",NA,NA,NA,"AREA GROWN"," 5.0 TO 14.9 ACRES",NA,"91","11.8",NA
"CENSUS",2022,"YEAR","STATE","MICHIGAN","STRAWBERRIES - ACRES NON-BEARING",NA,NA,NA,NA,NA,NA,NA,"15.7","162"
"CENSUS",2022,"YEAR","STATE","MICHIGAN","STRAWBERRIES - OPERATIONS WITH AREA BEARING",NA,NA,NA,"AREA GROWN"," 0.1 TO 0.9 ACRES",NA,"266","12.0",NA
"CENSUS",2022,"YEAR","STATE","MICHIGAN","STRAWBERRIES - OPERATIONS WITH AREA BEARING",NA,NA,NA,"AREA GROWN"," 1.0 TO 4.9 ACRES",NA,"93","18.8",NA
"CENSUS",2022,"YEAR","STATE","MICHIGAN","STRAWBERRIES - OPERATIONS WITH AREA BEARING",NA,NA,NA,"AREA GROWN"," 15.0 TO 24.9 ACRES",NA,"5","(H)",NA
"CENSUS",2022,"YEAR","STATE","MICHIGAN","STRAWBERRIES - OPERATIONS WITH AREA BEARING",NA,NA,NA,"AREA GROWN"," 25.0 TO 49.9 ACRES",NA,"4","71.2",NA
"CENSUS",2022,"YEAR","STATE","MICHIGAN","STRAWBERRIES - OPERATIONS WITH AREA BEARING",NA,NA,NA,"AREA GROWN"," 5.0 TO 14.9 ACRES",NA,"52","11.7",NA
"CENSUS",2022,"YEAR","STATE","MICHIGAN","STRAWBERRIES - OPERATIONS WITH AREA BEARING",NA,NA,NA,NA,NA,NA,NA,"13.0","420"
"CENSUS",2022,"YEAR","STATE","MICHIGAN","STRAWBERRIES - OPERATIONS WITH AREA GROWN",NA,NA,NA,"AREA GROWN"," 0.1 TO 0.9 ACRES",NA,"305","11.2",NA
"CENSUS",2022,"YEAR","STATE","MICHIGAN","STRAWBERRIES - OPERATIONS WITH AREA GROWN",NA,NA,NA,"AREA GROWN"," 1.0 TO 4.9 ACRES",NA,"96","17.0",NA
"CENSUS",2022,"YEAR","STATE","MICHIGAN","STRAWBERRIES - OPERATIONS WITH AREA GROWN",NA,NA,NA,"AREA GROWN"," 15.0 TO 24.9 ACRES",NA,"5","(H)",NA
"CENSUS",2022,"YEAR","STATE","MICHIGAN","STRAWBERRIES - OPERATIONS WITH AREA GROWN",NA,NA,NA,"AREA GROWN"," 25.0 TO 49.9 ACRES",NA,"4","71.2",NA
"CENSUS",2022,"YEAR","STATE","MICHIGAN","STRAWBERRIES - OPERATIONS WITH AREA GROWN",NA,NA,NA,"AREA GROWN"," 5.0 TO 14.9 ACRES",NA,"52","11.7",NA
"CENSUS",2022,"YEAR","STATE","MICHIGAN","STRAWBERRIES - OPERATIONS WITH AREA GROWN",NA,NA,NA,NA,NA,NA,NA,"12.2","462"
"CENSUS",2022,"YEAR","STATE","MICHIGAN","STRAWBERRIES - OPERATIONS WITH AREA NON-BEARING",NA,NA,NA,"AREA GROWN"," 0.1 TO 0.9 ACRES",NA,"55","37.1",NA
"CENSUS",2022,"YEAR","STATE","MICHIGAN","STRAWBERRIES - OPERATIONS WITH AREA NON-BEARING",NA,NA,NA,"AREA GROWN"," 1.0 TO 4.9 ACRES",NA,"43","11.5",NA
"CENSUS",2022,"YEAR","STATE","MICHIGAN","STRAWBERRIES - OPERATIONS WITH AREA NON-BEARING",NA,NA,NA,"AREA GROWN"," 15.0 TO 24.9 ACRES",NA,"1","(H)",NA
"CENSUS",2022,"YEAR","STATE","MICHIGAN","STRAWBERRIES - OPERATIONS WITH AREA NON-BEARING",NA,NA,NA,"AREA GROWN"," 25.0 TO 49.9 ACRES",NA,"4","71.2",NA
"CENSUS",2022,"YEAR","STATE","MICHIGAN","STRAWBERRIES - OPERATIONS WITH AREA NON-BEARING",NA,NA,NA,"AREA GROWN"," 5.0 TO 14.9 ACRES",NA,"33","10.8",NA
"CENSUS",2022,"YEAR","STATE","MICHIGAN","STRAWBERRIES - OPERATIONS WITH AREA NON-BEARING",NA,NA,NA,NA,NA,NA,NA,"20.3","136"
"CENSUS",2022,"YEAR","STATE","MINNESOTA","STRAWBERRIES - ACRES BEARING",NA,NA,NA,NA,NA,NA,NA,"13.7","308"
"CENSUS",2022,"YEAR","STATE","MINNESOTA","STRAWBERRIES - ACRES GROWN",NA,NA,NA,NA,NA,NA,NA,"14.8","401"
"CENSUS",2022,"YEAR","STATE","MINNESOTA","STRAWBERRIES - ACRES NON-BEARING",NA,NA,NA,NA,NA,NA,NA,"30.2","93"
"CENSUS",2022,"YEAR","STATE","MINNESOTA","STRAWBERRIES - OPERATIONS WITH AREA BEARING",NA,NA,NA,NA,NA,NA,NA,"14.2","184"
"CENSUS",2022,"YEAR","STATE","MINNESOTA","STRAWBERRIES - OPERATIONS WITH AREA GROWN",NA,NA,NA,NA,NA,NA,NA,"13.2","218"
"CENSUS",2022,"YEAR","STATE","MINNESOTA","STRAWBERRIES - OPERATIONS WITH AREA NON-BEARING",NA,NA,NA,NA,NA,NA,NA,"11.0","85"
"CENSUS",2022,"YEAR","STATE","MISSISSIPPI","STRAWBERRIES - ACRES BEARING",NA,NA,NA,NA,NA,NA,NA,"(D)","(D)"
"CENSUS",2022,"YEAR","STATE","MISSISSIPPI","STRAWBERRIES - ACRES GROWN",NA,NA,NA,NA,NA,NA,NA,"24.4","46"
"CENSUS",2022,"YEAR","STATE","MISSISSIPPI","STRAWBERRIES - ACRES NON-BEARING",NA,NA,NA,NA,NA,NA,NA,"(D)","(D)"
"CENSUS",2022,"YEAR","STATE","MISSISSIPPI","STRAWBERRIES - OPERATIONS WITH AREA BEARING",NA,NA,NA,NA,NA,NA,NA,"89.2","24"
"CENSUS",2022,"YEAR","STATE","MISSISSIPPI","STRAWBERRIES - OPERATIONS WITH AREA GROWN",NA,NA,NA,NA,NA,NA,NA,"65.3","31"
"CENSUS",2022,"YEAR","STATE","MISSISSIPPI","STRAWBERRIES - OPERATIONS WITH AREA NON-BEARING",NA,NA,NA,NA,NA,NA,NA,"74.1","8"
"CENSUS",2022,"YEAR","STATE","MISSOURI","STRAWBERRIES - ACRES BEARING",NA,NA,NA,NA,NA,NA,NA,"18.8","76"
"CENSUS",2022,"YEAR","STATE","MISSOURI","STRAWBERRIES - ACRES GROWN",NA,NA,NA,NA,NA,NA,NA,"17.2","85"
"CENSUS",2022,"YEAR","STATE","MISSOURI","STRAWBERRIES - ACRES NON-BEARING",NA,NA,NA,NA,NA,NA,NA,"10.8","10"
"CENSUS",2022,"YEAR","STATE","MISSOURI","STRAWBERRIES - OPERATIONS WITH AREA BEARING",NA,NA,NA,NA,NA,NA,NA,"8.0","189"
"CENSUS",2022,"YEAR","STATE","MISSOURI","STRAWBERRIES - OPERATIONS WITH AREA GROWN",NA,NA,NA,NA,NA,NA,NA,"8.7","218"
"CENSUS",2022,"YEAR","STATE","MISSOURI","STRAWBERRIES - OPERATIONS WITH AREA NON-BEARING",NA,NA,NA,NA,NA,NA,NA,"10.0","51"
"CENSUS",2022,"YEAR","STATE","MONTANA","STRAWBERRIES - ACRES BEARING",NA,NA,NA,NA,NA,NA,NA,"49.6","8"
"CENSUS",2022,"YEAR","STATE","MONTANA","STRAWBERRIES - ACRES GROWN",NA,NA,NA,NA,NA,NA,NA,"43.0","9"
"CENSUS",2022,"YEAR","STATE","MONTANA","STRAWBERRIES - ACRES NON-BEARING",NA,NA,NA,NA,NA,NA,NA,"26.8","1"
"CENSUS",2022,"YEAR","STATE","MONTANA","STRAWBERRIES - OPERATIONS WITH AREA BEARING",NA,NA,NA,NA,NA,NA,NA,"21.3","35"
"CENSUS",2022,"YEAR","STATE","MONTANA","STRAWBERRIES - OPERATIONS WITH AREA GROWN",NA,NA,NA,NA,NA,NA,NA,"19.0","38"
"CENSUS",2022,"YEAR","STATE","MONTANA","STRAWBERRIES - OPERATIONS WITH AREA NON-BEARING",NA,NA,NA,NA,NA,NA,NA,"38.3","7"
"CENSUS",2022,"YEAR","STATE","NEBRASKA","STRAWBERRIES - ACRES BEARING",NA,NA,NA,NA,NA,NA,NA,"(D)","(D)"
"CENSUS",2022,"YEAR","STATE","NEBRASKA","STRAWBERRIES - ACRES GROWN",NA,NA,NA,NA,NA,NA,NA,"25.7","18"
"CENSUS",2022,"YEAR","STATE","NEBRASKA","STRAWBERRIES - ACRES NON-BEARING",NA,NA,NA,NA,NA,NA,NA,"(D)","(D)"
"CENSUS",2022,"YEAR","STATE","NEBRASKA","STRAWBERRIES - OPERATIONS WITH AREA BEARING",NA,NA,NA,NA,NA,NA,NA,"47.4","48"
"CENSUS",2022,"YEAR","STATE","NEBRASKA","STRAWBERRIES - OPERATIONS WITH AREA GROWN",NA,NA,NA,NA,NA,NA,NA,"47.4","48"
"CENSUS",2022,"YEAR","STATE","NEBRASKA","STRAWBERRIES - OPERATIONS WITH AREA NON-BEARING",NA,NA,NA,NA,NA,NA,NA,"78.2","5"
"CENSUS",2022,"YEAR","STATE","NEVADA","STRAWBERRIES - ACRES BEARING",NA,NA,NA,NA,NA,NA,NA,"16.3","1"
"CENSUS",2022,"YEAR","STATE","NEVADA","STRAWBERRIES - ACRES GROWN",NA,NA,NA,NA,NA,NA,NA,"16.3","1"
"CENSUS",2022,"YEAR","STATE","NEVADA","STRAWBERRIES - OPERATIONS WITH AREA BEARING",NA,NA,NA,NA,NA,NA,NA,"23.6","9"
"CENSUS",2022,"YEAR","STATE","NEVADA","STRAWBERRIES - OPERATIONS WITH AREA GROWN",NA,NA,NA,NA,NA,NA,NA,"23.6","9"
"CENSUS",2022,"YEAR","STATE","NEW HAMPSHIRE","STRAWBERRIES - ACRES BEARING",NA,NA,NA,NA,NA,NA,NA,"25.1","112"
"CENSUS",2022,"YEAR","STATE","NEW HAMPSHIRE","STRAWBERRIES - ACRES GROWN",NA,NA,NA,NA,NA,NA,NA,"24.7","134"
"CENSUS",2022,"YEAR","STATE","NEW HAMPSHIRE","STRAWBERRIES - ACRES NON-BEARING",NA,NA,NA,NA,NA,NA,NA,"24.6","22"
"CENSUS",2022,"YEAR","STATE","NEW HAMPSHIRE","STRAWBERRIES - OPERATIONS WITH AREA BEARING",NA,NA,NA,NA,NA,NA,NA,"26.5","81"
"CENSUS",2022,"YEAR","STATE","NEW HAMPSHIRE","STRAWBERRIES - OPERATIONS WITH AREA GROWN",NA,NA,NA,NA,NA,NA,NA,"23.4","102"
"CENSUS",2022,"YEAR","STATE","NEW HAMPSHIRE","STRAWBERRIES - OPERATIONS WITH AREA NON-BEARING",NA,NA,NA,NA,NA,NA,NA,"21.7","36"
"CENSUS",2022,"YEAR","STATE","NEW JERSEY","STRAWBERRIES - ACRES BEARING",NA,NA,NA,NA,NA,NA,NA,"7.2","233"
"CENSUS",2022,"YEAR","STATE","NEW JERSEY","STRAWBERRIES - ACRES GROWN",NA,NA,NA,NA,NA,NA,NA,"7.2","257"
"CENSUS",2022,"YEAR","STATE","NEW JERSEY","STRAWBERRIES - ACRES NON-BEARING",NA,NA,NA,NA,NA,NA,NA,"35.7","24"
"CENSUS",2022,"YEAR","STATE","NEW JERSEY","STRAWBERRIES - OPERATIONS WITH AREA BEARING",NA,NA,NA,NA,NA,NA,NA,"6.3","137"
"CENSUS",2022,"YEAR","STATE","NEW JERSEY","STRAWBERRIES - OPERATIONS WITH AREA GROWN",NA,NA,NA,NA,NA,NA,NA,"6.8","146"
"CENSUS",2022,"YEAR","STATE","NEW JERSEY","STRAWBERRIES - OPERATIONS WITH AREA NON-BEARING",NA,NA,NA,NA,NA,NA,NA,"12.5","33"
"CENSUS",2022,"YEAR","STATE","NEW MEXICO","STRAWBERRIES - ACRES BEARING",NA,NA,NA,NA,NA,NA,NA,"38.1","2"
"CENSUS",2022,"YEAR","STATE","NEW MEXICO","STRAWBERRIES - ACRES GROWN",NA,NA,NA,NA,NA,NA,NA,"19.4","7"
"CENSUS",2022,"YEAR","STATE","NEW MEXICO","STRAWBERRIES - ACRES NON-BEARING",NA,NA,NA,NA,NA,NA,NA,"19.3","5"
"CENSUS",2022,"YEAR","STATE","NEW MEXICO","STRAWBERRIES - OPERATIONS WITH AREA BEARING",NA,NA,NA,NA,NA,NA,NA,"47.7","18"
"CENSUS",2022,"YEAR","STATE","NEW MEXICO","STRAWBERRIES - OPERATIONS WITH AREA GROWN",NA,NA,NA,NA,NA,NA,NA,"32.9","32"
"CENSUS",2022,"YEAR","STATE","NEW MEXICO","STRAWBERRIES - OPERATIONS WITH AREA NON-BEARING",NA,NA,NA,NA,NA,NA,NA,"40.1","14"
"CENSUS",2022,"YEAR","STATE","NEW YORK","STRAWBERRIES - ACRES BEARING",NA,NA,NA,"AREA GROWN"," 0.1 TO 0.9 ACRES",NA,"(D)","(D)",NA
"CENSUS",2022,"YEAR","STATE","NEW YORK","STRAWBERRIES - ACRES BEARING",NA,NA,NA,"AREA GROWN"," 1.0 TO 4.9 ACRES",NA,"267","8.0",NA
"CENSUS",2022,"YEAR","STATE","NEW YORK","STRAWBERRIES - ACRES BEARING",NA,NA,NA,"AREA GROWN"," 15.0 TO 24.9 ACRES",NA,"140","59.5",NA
"CENSUS",2022,"YEAR","STATE","NEW YORK","STRAWBERRIES - ACRES BEARING",NA,NA,NA,"AREA GROWN"," 25.0 TO 49.9 ACRES",NA,"(D)","(D)",NA
"CENSUS",2022,"YEAR","STATE","NEW YORK","STRAWBERRIES - ACRES BEARING",NA,NA,NA,"AREA GROWN"," 5.0 TO 14.9 ACRES",NA,"263","10.7",NA
"CENSUS",2022,"YEAR","STATE","NEW YORK","STRAWBERRIES - ACRES BEARING",NA,NA,NA,NA,NA,NA,NA,"14.3","751"
"CENSUS",2022,"YEAR","STATE","NEW YORK","STRAWBERRIES - ACRES GROWN",NA,NA,NA,"AREA GROWN"," 0.1 TO 0.9 ACRES",NA,"(D)","(D)",NA
"CENSUS",2022,"YEAR","STATE","NEW YORK","STRAWBERRIES - ACRES GROWN",NA,NA,NA,"AREA GROWN"," 1.0 TO 4.9 ACRES",NA,"306","8.6",NA
"CENSUS",2022,"YEAR","STATE","NEW YORK","STRAWBERRIES - ACRES GROWN",NA,NA,NA,"AREA GROWN"," 15.0 TO 24.9 ACRES",NA,"182","50.2",NA
"CENSUS",2022,"YEAR","STATE","NEW YORK","STRAWBERRIES - ACRES GROWN",NA,NA,NA,"AREA GROWN"," 25.0 TO 49.9 ACRES",NA,"(D)","(D)",NA
"CENSUS",2022,"YEAR","STATE","NEW YORK","STRAWBERRIES - ACRES GROWN",NA,NA,NA,"AREA GROWN"," 5.0 TO 14.9 ACRES",NA,"328","11.1",NA
"CENSUS",2022,"YEAR","STATE","NEW YORK","STRAWBERRIES - ACRES GROWN",NA,NA,NA,NA,NA,NA,NA,"14.4","913"
"CENSUS",2022,"YEAR","STATE","NEW YORK","STRAWBERRIES - ACRES NON-BEARING",NA,NA,NA,"AREA GROWN"," 0.1 TO 0.9 ACRES",NA,"15","14.4",NA
"CENSUS",2022,"YEAR","STATE","NEW YORK","STRAWBERRIES - ACRES NON-BEARING",NA,NA,NA,"AREA GROWN"," 1.0 TO 4.9 ACRES",NA,"40","16.3",NA
"CENSUS",2022,"YEAR","STATE","NEW YORK","STRAWBERRIES - ACRES NON-BEARING",NA,NA,NA,"AREA GROWN"," 15.0 TO 24.9 ACRES",NA,"42","31.2",NA
"CENSUS",2022,"YEAR","STATE","NEW YORK","STRAWBERRIES - ACRES NON-BEARING",NA,NA,NA,"AREA GROWN"," 5.0 TO 14.9 ACRES",NA,"66","22.7",NA
"CENSUS",2022,"YEAR","STATE","NEW YORK","STRAWBERRIES - ACRES NON-BEARING",NA,NA,NA,NA,NA,NA,NA,"16.9","162"
"CENSUS",2022,"YEAR","STATE","NEW YORK","STRAWBERRIES - OPERATIONS WITH AREA BEARING",NA,NA,NA,"AREA GROWN"," 0.1 TO 0.9 ACRES",NA,"241","6.0",NA
"CENSUS",2022,"YEAR","STATE","NEW YORK","STRAWBERRIES - OPERATIONS WITH AREA BEARING",NA,NA,NA,"AREA GROWN"," 1.0 TO 4.9 ACRES",NA,"146","7.1",NA
"CENSUS",2022,"YEAR","STATE","NEW YORK","STRAWBERRIES - OPERATIONS WITH AREA BEARING",NA,NA,NA,"AREA GROWN"," 15.0 TO 24.9 ACRES",NA,"10","51.1",NA
"CENSUS",2022,"YEAR","STATE","NEW YORK","STRAWBERRIES - OPERATIONS WITH AREA BEARING",NA,NA,NA,"AREA GROWN"," 25.0 TO 49.9 ACRES",NA,"1","(L)",NA
"CENSUS",2022,"YEAR","STATE","NEW YORK","STRAWBERRIES - OPERATIONS WITH AREA BEARING",NA,NA,NA,"AREA GROWN"," 5.0 TO 14.9 ACRES",NA,"41","14.1",NA
"CENSUS",2022,"YEAR","STATE","NEW YORK","STRAWBERRIES - OPERATIONS WITH AREA BEARING",NA,NA,NA,NA,NA,NA,NA,"6.4","439"
"CENSUS",2022,"YEAR","STATE","NEW YORK","STRAWBERRIES - OPERATIONS WITH AREA GROWN",NA,NA,NA,"AREA GROWN"," 0.1 TO 0.9 ACRES",NA,"277","7.2",NA
"CENSUS",2022,"YEAR","STATE","NEW YORK","STRAWBERRIES - OPERATIONS WITH AREA GROWN",NA,NA,NA,"AREA GROWN"," 1.0 TO 4.9 ACRES",NA,"146","7.1",NA
"CENSUS",2022,"YEAR","STATE","NEW YORK","STRAWBERRIES - OPERATIONS WITH AREA GROWN",NA,NA,NA,"AREA GROWN"," 15.0 TO 24.9 ACRES",NA,"10","51.1",NA
"CENSUS",2022,"YEAR","STATE","NEW YORK","STRAWBERRIES - OPERATIONS WITH AREA GROWN",NA,NA,NA,"AREA GROWN"," 25.0 TO 49.9 ACRES",NA,"1","(L)",NA
"CENSUS",2022,"YEAR","STATE","NEW YORK","STRAWBERRIES - OPERATIONS WITH AREA GROWN",NA,NA,NA,"AREA GROWN"," 5.0 TO 14.9 ACRES",NA,"41","14.1",NA
"CENSUS",2022,"YEAR","STATE","NEW YORK","STRAWBERRIES - OPERATIONS WITH AREA GROWN",NA,NA,NA,NA,NA,NA,NA,"5.8","475"
"CENSUS",2022,"YEAR","STATE","NEW YORK","STRAWBERRIES - OPERATIONS WITH AREA NON-BEARING",NA,NA,NA,"AREA GROWN"," 0.1 TO 0.9 ACRES",NA,"74","11.7",NA
"CENSUS",2022,"YEAR","STATE","NEW YORK","STRAWBERRIES - OPERATIONS WITH AREA NON-BEARING",NA,NA,NA,"AREA GROWN"," 1.0 TO 4.9 ACRES",NA,"54","11.0",NA
"CENSUS",2022,"YEAR","STATE","NEW YORK","STRAWBERRIES - OPERATIONS WITH AREA NON-BEARING",NA,NA,NA,"AREA GROWN"," 15.0 TO 24.9 ACRES",NA,"6","27.4",NA
"CENSUS",2022,"YEAR","STATE","NEW YORK","STRAWBERRIES - OPERATIONS WITH AREA NON-BEARING",NA,NA,NA,"AREA GROWN"," 5.0 TO 14.9 ACRES",NA,"27","18.9",NA
"CENSUS",2022,"YEAR","STATE","NEW YORK","STRAWBERRIES - OPERATIONS WITH AREA NON-BEARING",NA,NA,NA,NA,NA,NA,NA,"6.1","161"
"CENSUS",2022,"YEAR","STATE","NORTH CAROLINA","STRAWBERRIES - ACRES BEARING",NA,NA,NA,"AREA GROWN"," 0.1 TO 0.9 ACRES",NA,"39","56.5",NA
"CENSUS",2022,"YEAR","STATE","NORTH CAROLINA","STRAWBERRIES - ACRES BEARING",NA,NA,NA,"AREA GROWN"," 1.0 TO 4.9 ACRES",NA,"221","26.7",NA
"CENSUS",2022,"YEAR","STATE","NORTH CAROLINA","STRAWBERRIES - ACRES BEARING",NA,NA,NA,"AREA GROWN"," 100 OR MORE ACRES",NA,"(D)","(D)",NA
"CENSUS",2022,"YEAR","STATE","NORTH CAROLINA","STRAWBERRIES - ACRES BEARING",NA,NA,NA,"AREA GROWN"," 15.0 TO 24.9 ACRES",NA,"(D)","(D)",NA
"CENSUS",2022,"YEAR","STATE","NORTH CAROLINA","STRAWBERRIES - ACRES BEARING",NA,NA,NA,"AREA GROWN"," 25.0 TO 49.9 ACRES",NA,"(D)","(D)",NA
"CENSUS",2022,"YEAR","STATE","NORTH CAROLINA","STRAWBERRIES - ACRES BEARING",NA,NA,NA,"AREA GROWN"," 5.0 TO 14.9 ACRES",NA,"161","32.2",NA
"CENSUS",2022,"YEAR","STATE","NORTH CAROLINA","STRAWBERRIES - ACRES BEARING",NA,NA,NA,"AREA GROWN"," 50.0 TO 99.9 ACRES",NA,"(D)","(D)",NA
"CENSUS",2022,"YEAR","STATE","NORTH CAROLINA","STRAWBERRIES - ACRES BEARING",NA,NA,NA,NA,NA,NA,NA,"17.4","1,012"
"CENSUS",2022,"YEAR","STATE","NORTH CAROLINA","STRAWBERRIES - ACRES GROWN",NA,NA,NA,"AREA GROWN"," 0.1 TO 0.9 ACRES",NA,"(D)","(D)",NA
"CENSUS",2022,"YEAR","STATE","NORTH CAROLINA","STRAWBERRIES - ACRES GROWN",NA,NA,NA,"AREA GROWN"," 1.0 TO 4.9 ACRES",NA,"234","25.1",NA
"CENSUS",2022,"YEAR","STATE","NORTH CAROLINA","STRAWBERRIES - ACRES GROWN",NA,NA,NA,"AREA GROWN"," 100 OR MORE ACRES",NA,"385","(L)",NA
"CENSUS",2022,"YEAR","STATE","NORTH CAROLINA","STRAWBERRIES - ACRES GROWN",NA,NA,NA,"AREA GROWN"," 15.0 TO 24.9 ACRES",NA,"118","(H)",NA
"CENSUS",2022,"YEAR","STATE","NORTH CAROLINA","STRAWBERRIES - ACRES GROWN",NA,NA,NA,"AREA GROWN"," 25.0 TO 49.9 ACRES",NA,"(D)","(D)",NA
"CENSUS",2022,"YEAR","STATE","NORTH CAROLINA","STRAWBERRIES - ACRES GROWN",NA,NA,NA,"AREA GROWN"," 5.0 TO 14.9 ACRES",NA,"174","34.4",NA
"CENSUS",2022,"YEAR","STATE","NORTH CAROLINA","STRAWBERRIES - ACRES GROWN",NA,NA,NA,"AREA GROWN"," 50.0 TO 99.9 ACRES",NA,"(D)","(D)",NA
"CENSUS",2022,"YEAR","STATE","NORTH CAROLINA","STRAWBERRIES - ACRES GROWN",NA,NA,NA,NA,NA,NA,NA,"16.9","1,073"
"CENSUS",2022,"YEAR","STATE","NORTH CAROLINA","STRAWBERRIES - ACRES NON-BEARING",NA,NA,NA,"AREA GROWN"," 0.1 TO 0.9 ACRES",NA,"(D)","(D)",NA
"CENSUS",2022,"YEAR","STATE","NORTH CAROLINA","STRAWBERRIES - ACRES NON-BEARING",NA,NA,NA,"AREA GROWN"," 1.0 TO 4.9 ACRES",NA,"13","36.6",NA
"CENSUS",2022,"YEAR","STATE","NORTH CAROLINA","STRAWBERRIES - ACRES NON-BEARING",NA,NA,NA,"AREA GROWN"," 100 OR MORE ACRES",NA,"(D)","(D)",NA
"CENSUS",2022,"YEAR","STATE","NORTH CAROLINA","STRAWBERRIES - ACRES NON-BEARING",NA,NA,NA,"AREA GROWN"," 15.0 TO 24.9 ACRES",NA,"(D)","(D)",NA
"CENSUS",2022,"YEAR","STATE","NORTH CAROLINA","STRAWBERRIES - ACRES NON-BEARING",NA,NA,NA,"AREA GROWN"," 25.0 TO 49.9 ACRES",NA,"(D)","(D)",NA
"CENSUS",2022,"YEAR","STATE","NORTH CAROLINA","STRAWBERRIES - ACRES NON-BEARING",NA,NA,NA,"AREA GROWN"," 5.0 TO 14.9 ACRES",NA,"13","94.7",NA
"CENSUS",2022,"YEAR","STATE","NORTH CAROLINA","STRAWBERRIES - ACRES NON-BEARING",NA,NA,NA,NA,NA,NA,NA,"18.6","61"
"CENSUS",2022,"YEAR","STATE","NORTH CAROLINA","STRAWBERRIES - OPERATIONS WITH AREA BEARING",NA,NA,NA,"AREA GROWN"," 0.1 TO 0.9 ACRES",NA,"165","51.5",NA
"CENSUS",2022,"YEAR","STATE","NORTH CAROLINA","STRAWBERRIES - OPERATIONS WITH AREA BEARING",NA,NA,NA,"AREA GROWN"," 1.0 TO 4.9 ACRES",NA,"116","28.0",NA
"CENSUS",2022,"YEAR","STATE","NORTH CAROLINA","STRAWBERRIES - OPERATIONS WITH AREA BEARING",NA,NA,NA,"AREA GROWN"," 100 OR MORE ACRES",NA,"3","(L)",NA
"CENSUS",2022,"YEAR","STATE","NORTH CAROLINA","STRAWBERRIES - OPERATIONS WITH AREA BEARING",NA,NA,NA,"AREA GROWN"," 15.0 TO 24.9 ACRES",NA,"6","(H)",NA
"CENSUS",2022,"YEAR","STATE","NORTH CAROLINA","STRAWBERRIES - OPERATIONS WITH AREA BEARING",NA,NA,NA,"AREA GROWN"," 25.0 TO 49.9 ACRES",NA,"1","(L)",NA
"CENSUS",2022,"YEAR","STATE","NORTH CAROLINA","STRAWBERRIES - OPERATIONS WITH AREA BEARING",NA,NA,NA,"AREA GROWN"," 5.0 TO 14.9 ACRES",NA,"30","33.9",NA
"CENSUS",2022,"YEAR","STATE","NORTH CAROLINA","STRAWBERRIES - OPERATIONS WITH AREA BEARING",NA,NA,NA,"AREA GROWN"," 50.0 TO 99.9 ACRES",NA,"1","(L)",NA
"CENSUS",2022,"YEAR","STATE","NORTH CAROLINA","STRAWBERRIES - OPERATIONS WITH AREA BEARING",NA,NA,NA,NA,NA,NA,NA,"31.4","322"
"CENSUS",2022,"YEAR","STATE","NORTH CAROLINA","STRAWBERRIES - OPERATIONS WITH AREA GROWN",NA,NA,NA,"AREA GROWN"," 0.1 TO 0.9 ACRES",NA,"180","52.5",NA
"CENSUS",2022,"YEAR","STATE","NORTH CAROLINA","STRAWBERRIES - OPERATIONS WITH AREA GROWN",NA,NA,NA,"AREA GROWN"," 1.0 TO 4.9 ACRES",NA,"119","26.9",NA
"CENSUS",2022,"YEAR","STATE","NORTH CAROLINA","STRAWBERRIES - OPERATIONS WITH AREA GROWN",NA,NA,NA,"AREA GROWN"," 100 OR MORE ACRES",NA,"3","(L)",NA
"CENSUS",2022,"YEAR","STATE","NORTH CAROLINA","STRAWBERRIES - OPERATIONS WITH AREA GROWN",NA,NA,NA,"AREA GROWN"," 15.0 TO 24.9 ACRES",NA,"6","(H)",NA
"CENSUS",2022,"YEAR","STATE","NORTH CAROLINA","STRAWBERRIES - OPERATIONS WITH AREA GROWN",NA,NA,NA,"AREA GROWN"," 25.0 TO 49.9 ACRES",NA,"1","(L)",NA
"CENSUS",2022,"YEAR","STATE","NORTH CAROLINA","STRAWBERRIES - OPERATIONS WITH AREA GROWN",NA,NA,NA,"AREA GROWN"," 5.0 TO 14.9 ACRES",NA,"30","33.9",NA
"CENSUS",2022,"YEAR","STATE","NORTH CAROLINA","STRAWBERRIES - OPERATIONS WITH AREA GROWN",NA,NA,NA,"AREA GROWN"," 50.0 TO 99.9 ACRES",NA,"1","(L)",NA
"CENSUS",2022,"YEAR","STATE","NORTH CAROLINA","STRAWBERRIES - OPERATIONS WITH AREA GROWN",NA,NA,NA,NA,NA,NA,NA,"32.7","340"
"CENSUS",2022,"YEAR","STATE","NORTH CAROLINA","STRAWBERRIES - OPERATIONS WITH AREA NON-BEARING",NA,NA,NA,"AREA GROWN"," 0.1 TO 0.9 ACRES",NA,"41","54.3",NA
"CENSUS",2022,"YEAR","STATE","NORTH CAROLINA","STRAWBERRIES - OPERATIONS WITH AREA NON-BEARING",NA,NA,NA,"AREA GROWN"," 1.0 TO 4.9 ACRES",NA,"11","60.4",NA
"CENSUS",2022,"YEAR","STATE","NORTH CAROLINA","STRAWBERRIES - OPERATIONS WITH AREA NON-BEARING",NA,NA,NA,"AREA GROWN"," 100 OR MORE ACRES",NA,"1","(L)",NA
"CENSUS",2022,"YEAR","STATE","NORTH CAROLINA","STRAWBERRIES - OPERATIONS WITH AREA NON-BEARING",NA,NA,NA,"AREA GROWN"," 15.0 TO 24.9 ACRES",NA,"1","(L)",NA
"CENSUS",2022,"YEAR","STATE","NORTH CAROLINA","STRAWBERRIES - OPERATIONS WITH AREA NON-BEARING",NA,NA,NA,"AREA GROWN"," 25.0 TO 49.9 ACRES",NA,"1","(L)",NA
"CENSUS",2022,"YEAR","STATE","NORTH CAROLINA","STRAWBERRIES - OPERATIONS WITH AREA NON-BEARING",NA,NA,NA,"AREA GROWN"," 5.0 TO 14.9 ACRES",NA,"5","78.2",NA
"CENSUS",2022,"YEAR","STATE","NORTH CAROLINA","STRAWBERRIES - OPERATIONS WITH AREA NON-BEARING",NA,NA,NA,NA,NA,NA,NA,"49.2","60"
"CENSUS",2022,"YEAR","STATE","NORTH DAKOTA","STRAWBERRIES - ACRES BEARING",NA,NA,NA,NA,NA,NA,NA,"(D)","(D)"
"CENSUS",2022,"YEAR","STATE","NORTH DAKOTA","STRAWBERRIES - ACRES GROWN",NA,NA,NA,NA,NA,NA,NA,"11.2","1"
"CENSUS",2022,"YEAR","STATE","NORTH DAKOTA","STRAWBERRIES - ACRES NON-BEARING",NA,NA,NA,NA,NA,NA,NA,"(D)","(D)"
"CENSUS",2022,"YEAR","STATE","NORTH DAKOTA","STRAWBERRIES - OPERATIONS WITH AREA BEARING",NA,NA,NA,NA,NA,NA,NA,"16.8","8"
"CENSUS",2022,"YEAR","STATE","NORTH DAKOTA","STRAWBERRIES - OPERATIONS WITH AREA GROWN",NA,NA,NA,NA,NA,NA,NA,"14.9","9"
"CENSUS",2022,"YEAR","STATE","NORTH DAKOTA","STRAWBERRIES - OPERATIONS WITH AREA NON-BEARING",NA,NA,NA,NA,NA,NA,NA,"(L)","2"
"CENSUS",2022,"YEAR","STATE","OHIO","STRAWBERRIES - ACRES BEARING",NA,NA,NA,NA,NA,NA,NA,"16.6","445"
"CENSUS",2022,"YEAR","STATE","OHIO","STRAWBERRIES - ACRES GROWN",NA,NA,NA,NA,NA,NA,NA,"14.0","511"
"CENSUS",2022,"YEAR","STATE","OHIO","STRAWBERRIES - ACRES NON-BEARING",NA,NA,NA,NA,NA,NA,NA,"13.9","66"
"CENSUS",2022,"YEAR","STATE","OHIO","STRAWBERRIES - OPERATIONS WITH AREA BEARING",NA,NA,NA,NA,NA,NA,NA,"5.4","361"
"CENSUS",2022,"YEAR","STATE","OHIO","STRAWBERRIES - OPERATIONS WITH AREA GROWN",NA,NA,NA,NA,NA,NA,NA,"6.2","393"
"CENSUS",2022,"YEAR","STATE","OHIO","STRAWBERRIES - OPERATIONS WITH AREA NON-BEARING",NA,NA,NA,NA,NA,NA,NA,"10.5","87"
"CENSUS",2022,"YEAR","STATE","OKLAHOMA","STRAWBERRIES - ACRES BEARING",NA,NA,NA,NA,NA,NA,NA,"52.1","15"
"CENSUS",2022,"YEAR","STATE","OKLAHOMA","STRAWBERRIES - ACRES GROWN",NA,NA,NA,NA,NA,NA,NA,"36.2","21"
"CENSUS",2022,"YEAR","STATE","OKLAHOMA","STRAWBERRIES - ACRES NON-BEARING",NA,NA,NA,NA,NA,NA,NA,"33.4","6"
"CENSUS",2022,"YEAR","STATE","OKLAHOMA","STRAWBERRIES - OPERATIONS WITH AREA BEARING",NA,NA,NA,NA,NA,NA,NA,"15.2","51"
"CENSUS",2022,"YEAR","STATE","OKLAHOMA","STRAWBERRIES - OPERATIONS WITH AREA GROWN",NA,NA,NA,NA,NA,NA,NA,"18.1","66"
"CENSUS",2022,"YEAR","STATE","OKLAHOMA","STRAWBERRIES - OPERATIONS WITH AREA NON-BEARING",NA,NA,NA,NA,NA,NA,NA,"64.1","19"
"CENSUS",2022,"YEAR","STATE","OREGON","STRAWBERRIES - ACRES BEARING",NA,NA,NA,"AREA GROWN"," 0.1 TO 0.9 ACRES",NA,"(D)","(D)",NA
"CENSUS",2022,"YEAR","STATE","OREGON","STRAWBERRIES - ACRES BEARING",NA,NA,NA,"AREA GROWN"," 1.0 TO 4.9 ACRES",NA,"106","23.0",NA
"CENSUS",2022,"YEAR","STATE","OREGON","STRAWBERRIES - ACRES BEARING",NA,NA,NA,"AREA GROWN"," 100 OR MORE ACRES",NA,"(D)","(D)",NA
"CENSUS",2022,"YEAR","STATE","OREGON","STRAWBERRIES - ACRES BEARING",NA,NA,NA,"AREA GROWN"," 15.0 TO 24.9 ACRES",NA,"115","39.2",NA
"CENSUS",2022,"YEAR","STATE","OREGON","STRAWBERRIES - ACRES BEARING",NA,NA,NA,"AREA GROWN"," 25.0 TO 49.9 ACRES",NA,"468","26.4",NA
"CENSUS",2022,"YEAR","STATE","OREGON","STRAWBERRIES - ACRES BEARING",NA,NA,NA,"AREA GROWN"," 5.0 TO 14.9 ACRES",NA,"145","13.9",NA
"CENSUS",2022,"YEAR","STATE","OREGON","STRAWBERRIES - ACRES BEARING",NA,NA,NA,"AREA GROWN"," 50.0 TO 99.9 ACRES",NA,"(D)","(D)",NA
"CENSUS",2022,"YEAR","STATE","OREGON","STRAWBERRIES - ACRES BEARING",NA,NA,NA,NA,NA,NA,NA,"19.6","1,664"
"CENSUS",2022,"YEAR","STATE","OREGON","STRAWBERRIES - ACRES GROWN",NA,NA,NA,"AREA GROWN"," 0.1 TO 0.9 ACRES",NA,"36","23.0",NA
"CENSUS",2022,"YEAR","STATE","OREGON","STRAWBERRIES - ACRES GROWN",NA,NA,NA,"AREA GROWN"," 1.0 TO 4.9 ACRES",NA,"122","21.1",NA
"CENSUS",2022,"YEAR","STATE","OREGON","STRAWBERRIES - ACRES GROWN",NA,NA,NA,"AREA GROWN"," 100 OR MORE ACRES",NA,"681","60.7",NA
"CENSUS",2022,"YEAR","STATE","OREGON","STRAWBERRIES - ACRES GROWN",NA,NA,NA,"AREA GROWN"," 15.0 TO 24.9 ACRES",NA,"154","40.5",NA
"CENSUS",2022,"YEAR","STATE","OREGON","STRAWBERRIES - ACRES GROWN",NA,NA,NA,"AREA GROWN"," 25.0 TO 49.9 ACRES",NA,"494","27.9",NA
"CENSUS",2022,"YEAR","STATE","OREGON","STRAWBERRIES - ACRES GROWN",NA,NA,NA,"AREA GROWN"," 5.0 TO 14.9 ACRES",NA,"154","14.3",NA
"CENSUS",2022,"YEAR","STATE","OREGON","STRAWBERRIES - ACRES GROWN",NA,NA,NA,"AREA GROWN"," 50.0 TO 99.9 ACRES",NA,"212","(L)",NA
"CENSUS",2022,"YEAR","STATE","OREGON","STRAWBERRIES - ACRES GROWN",NA,NA,NA,NA,NA,NA,NA,"17.4","1,853"
"CENSUS",2022,"YEAR","STATE","OREGON","STRAWBERRIES - ACRES NON-BEARING",NA,NA,NA,"AREA GROWN"," 0.1 TO 0.9 ACRES",NA,"(D)","(D)",NA
"CENSUS",2022,"YEAR","STATE","OREGON","STRAWBERRIES - ACRES NON-BEARING",NA,NA,NA,"AREA GROWN"," 1.0 TO 4.9 ACRES",NA,"16","26.9",NA
"CENSUS",2022,"YEAR","STATE","OREGON","STRAWBERRIES - ACRES NON-BEARING",NA,NA,NA,"AREA GROWN"," 100 OR MORE ACRES",NA,"(D)","(D)",NA
"CENSUS",2022,"YEAR","STATE","OREGON","STRAWBERRIES - ACRES NON-BEARING",NA,NA,NA,"AREA GROWN"," 15.0 TO 24.9 ACRES",NA,"39","44.7",NA
"CENSUS",2022,"YEAR","STATE","OREGON","STRAWBERRIES - ACRES NON-BEARING",NA,NA,NA,"AREA GROWN"," 25.0 TO 49.9 ACRES",NA,"26","58.4",NA
"CENSUS",2022,"YEAR","STATE","OREGON","STRAWBERRIES - ACRES NON-BEARING",NA,NA,NA,"AREA GROWN"," 5.0 TO 14.9 ACRES",NA,"9","40.0",NA
"CENSUS",2022,"YEAR","STATE","OREGON","STRAWBERRIES - ACRES NON-BEARING",NA,NA,NA,"AREA GROWN"," 50.0 TO 99.9 ACRES",NA,"(D)","(D)",NA
"CENSUS",2022,"YEAR","STATE","OREGON","STRAWBERRIES - ACRES NON-BEARING",NA,NA,NA,NA,NA,NA,NA,"15.2","188"
"CENSUS",2022,"YEAR","STATE","OREGON","STRAWBERRIES - OPERATIONS WITH AREA BEARING",NA,NA,NA,"AREA GROWN"," 0.1 TO 0.9 ACRES",NA,"189","7.3",NA
"CENSUS",2022,"YEAR","STATE","OREGON","STRAWBERRIES - OPERATIONS WITH AREA BEARING",NA,NA,NA,"AREA GROWN"," 1.0 TO 4.9 ACRES",NA,"55","24.3",NA
"CENSUS",2022,"YEAR","STATE","OREGON","STRAWBERRIES - OPERATIONS WITH AREA BEARING",NA,NA,NA,"AREA GROWN"," 100 OR MORE ACRES",NA,"3","77.5",NA
"CENSUS",2022,"YEAR","STATE","OREGON","STRAWBERRIES - OPERATIONS WITH AREA BEARING",NA,NA,NA,"AREA GROWN"," 15.0 TO 24.9 ACRES",NA,"9","39.4",NA
"CENSUS",2022,"YEAR","STATE","OREGON","STRAWBERRIES - OPERATIONS WITH AREA BEARING",NA,NA,NA,"AREA GROWN"," 25.0 TO 49.9 ACRES",NA,"16","31.4",NA
"CENSUS",2022,"YEAR","STATE","OREGON","STRAWBERRIES - OPERATIONS WITH AREA BEARING",NA,NA,NA,"AREA GROWN"," 5.0 TO 14.9 ACRES",NA,"19","16.6",NA
"CENSUS",2022,"YEAR","STATE","OREGON","STRAWBERRIES - OPERATIONS WITH AREA BEARING",NA,NA,NA,"AREA GROWN"," 50.0 TO 99.9 ACRES",NA,"3","(L)",NA
"CENSUS",2022,"YEAR","STATE","OREGON","STRAWBERRIES - OPERATIONS WITH AREA BEARING",NA,NA,NA,NA,NA,NA,NA,"6.7","294"
"CENSUS",2022,"YEAR","STATE","OREGON","STRAWBERRIES - OPERATIONS WITH AREA GROWN",NA,NA,NA,"AREA GROWN"," 0.1 TO 0.9 ACRES",NA,"206","12.9",NA
"CENSUS",2022,"YEAR","STATE","OREGON","STRAWBERRIES - OPERATIONS WITH AREA GROWN",NA,NA,NA,"AREA GROWN"," 1.0 TO 4.9 ACRES",NA,"57","23.2",NA
"CENSUS",2022,"YEAR","STATE","OREGON","STRAWBERRIES - OPERATIONS WITH AREA GROWN",NA,NA,NA,"AREA GROWN"," 100 OR MORE ACRES",NA,"3","77.5",NA
"CENSUS",2022,"YEAR","STATE","OREGON","STRAWBERRIES - OPERATIONS WITH AREA GROWN",NA,NA,NA,"AREA GROWN"," 15.0 TO 24.9 ACRES",NA,"9","39.4",NA
"CENSUS",2022,"YEAR","STATE","OREGON","STRAWBERRIES - OPERATIONS WITH AREA GROWN",NA,NA,NA,"AREA GROWN"," 25.0 TO 49.9 ACRES",NA,"16","31.4",NA
"CENSUS",2022,"YEAR","STATE","OREGON","STRAWBERRIES - OPERATIONS WITH AREA GROWN",NA,NA,NA,"AREA GROWN"," 5.0 TO 14.9 ACRES",NA,"19","16.6",NA
"CENSUS",2022,"YEAR","STATE","OREGON","STRAWBERRIES - OPERATIONS WITH AREA GROWN",NA,NA,NA,"AREA GROWN"," 50.0 TO 99.9 ACRES",NA,"3","(L)",NA
"CENSUS",2022,"YEAR","STATE","OREGON","STRAWBERRIES - OPERATIONS WITH AREA GROWN",NA,NA,NA,NA,NA,NA,NA,"7.3","313"
"CENSUS",2022,"YEAR","STATE","OREGON","STRAWBERRIES - OPERATIONS WITH AREA NON-BEARING",NA,NA,NA,"AREA GROWN"," 0.1 TO 0.9 ACRES",NA,"21","84.2",NA
"CENSUS",2022,"YEAR","STATE","OREGON","STRAWBERRIES - OPERATIONS WITH AREA NON-BEARING",NA,NA,NA,"AREA GROWN"," 1.0 TO 4.9 ACRES",NA,"14","33.9",NA
"CENSUS",2022,"YEAR","STATE","OREGON","STRAWBERRIES - OPERATIONS WITH AREA NON-BEARING",NA,NA,NA,"AREA GROWN"," 100 OR MORE ACRES",NA,"1","(L)",NA
"CENSUS",2022,"YEAR","STATE","OREGON","STRAWBERRIES - OPERATIONS WITH AREA NON-BEARING",NA,NA,NA,"AREA GROWN"," 15.0 TO 24.9 ACRES",NA,"7","50.7",NA
"CENSUS",2022,"YEAR","STATE","OREGON","STRAWBERRIES - OPERATIONS WITH AREA NON-BEARING",NA,NA,NA,"AREA GROWN"," 25.0 TO 49.9 ACRES",NA,"4","75.0",NA
"CENSUS",2022,"YEAR","STATE","OREGON","STRAWBERRIES - OPERATIONS WITH AREA NON-BEARING",NA,NA,NA,"AREA GROWN"," 5.0 TO 14.9 ACRES",NA,"6","22.4",NA
"CENSUS",2022,"YEAR","STATE","OREGON","STRAWBERRIES - OPERATIONS WITH AREA NON-BEARING",NA,NA,NA,"AREA GROWN"," 50.0 TO 99.9 ACRES",NA,"1","(L)",NA
"CENSUS",2022,"YEAR","STATE","OREGON","STRAWBERRIES - OPERATIONS WITH AREA NON-BEARING",NA,NA,NA,NA,NA,NA,NA,"30.7","54"
"CENSUS",2022,"YEAR","STATE","PENNSYLVANIA","STRAWBERRIES - ACRES BEARING",NA,NA,NA,"AREA GROWN"," 0.1 TO 0.9 ACRES",NA,"112","16.4",NA
"CENSUS",2022,"YEAR","STATE","PENNSYLVANIA","STRAWBERRIES - ACRES BEARING",NA,NA,NA,"AREA GROWN"," 1.0 TO 4.9 ACRES",NA,"293","14.5",NA
"CENSUS",2022,"YEAR","STATE","PENNSYLVANIA","STRAWBERRIES - ACRES BEARING",NA,NA,NA,"AREA GROWN"," 15.0 TO 24.9 ACRES",NA,"115","38.9",NA
"CENSUS",2022,"YEAR","STATE","PENNSYLVANIA","STRAWBERRIES - ACRES BEARING",NA,NA,NA,"AREA GROWN"," 5.0 TO 14.9 ACRES",NA,"144","35.2",NA
"CENSUS",2022,"YEAR","STATE","PENNSYLVANIA","STRAWBERRIES - ACRES BEARING",NA,NA,NA,NA,NA,NA,NA,"10.7","663"
"CENSUS",2022,"YEAR","STATE","PENNSYLVANIA","STRAWBERRIES - ACRES GROWN",NA,NA,NA,"AREA GROWN"," 0.1 TO 0.9 ACRES",NA,"128","14.2",NA
"CENSUS",2022,"YEAR","STATE","PENNSYLVANIA","STRAWBERRIES - ACRES GROWN",NA,NA,NA,"AREA GROWN"," 1.0 TO 4.9 ACRES",NA,"329","13.6",NA
"CENSUS",2022,"YEAR","STATE","PENNSYLVANIA","STRAWBERRIES - ACRES GROWN",NA,NA,NA,"AREA GROWN"," 15.0 TO 24.9 ACRES",NA,"135","34.7",NA
"CENSUS",2022,"YEAR","STATE","PENNSYLVANIA","STRAWBERRIES - ACRES GROWN",NA,NA,NA,"AREA GROWN"," 5.0 TO 14.9 ACRES",NA,"163","35.2",NA
"CENSUS",2022,"YEAR","STATE","PENNSYLVANIA","STRAWBERRIES - ACRES GROWN",NA,NA,NA,NA,NA,NA,NA,"10.2","756"
"CENSUS",2022,"YEAR","STATE","PENNSYLVANIA","STRAWBERRIES - ACRES NON-BEARING",NA,NA,NA,"AREA GROWN"," 0.1 TO 0.9 ACRES",NA,"16","17.8",NA
"CENSUS",2022,"YEAR","STATE","PENNSYLVANIA","STRAWBERRIES - ACRES NON-BEARING",NA,NA,NA,"AREA GROWN"," 1.0 TO 4.9 ACRES",NA,"37","24.9",NA
"CENSUS",2022,"YEAR","STATE","PENNSYLVANIA","STRAWBERRIES - ACRES NON-BEARING",NA,NA,NA,"AREA GROWN"," 15.0 TO 24.9 ACRES",NA,"20","17.1",NA
"CENSUS",2022,"YEAR","STATE","PENNSYLVANIA","STRAWBERRIES - ACRES NON-BEARING",NA,NA,NA,"AREA GROWN"," 5.0 TO 14.9 ACRES",NA,"20","39.1",NA
"CENSUS",2022,"YEAR","STATE","PENNSYLVANIA","STRAWBERRIES - ACRES NON-BEARING",NA,NA,NA,NA,NA,NA,NA,"8.8","92"
"CENSUS",2022,"YEAR","STATE","PENNSYLVANIA","STRAWBERRIES - OPERATIONS WITH AREA BEARING",NA,NA,NA,"AREA GROWN"," 0.1 TO 0.9 ACRES",NA,"411","10.1",NA
"CENSUS",2022,"YEAR","STATE","PENNSYLVANIA","STRAWBERRIES - OPERATIONS WITH AREA BEARING",NA,NA,NA,"AREA GROWN"," 1.0 TO 4.9 ACRES",NA,"184","10.4",NA
"CENSUS",2022,"YEAR","STATE","PENNSYLVANIA","STRAWBERRIES - OPERATIONS WITH AREA BEARING",NA,NA,NA,"AREA GROWN"," 15.0 TO 24.9 ACRES",NA,"8","37.5",NA
"CENSUS",2022,"YEAR","STATE","PENNSYLVANIA","STRAWBERRIES - OPERATIONS WITH AREA BEARING",NA,NA,NA,"AREA GROWN"," 5.0 TO 14.9 ACRES",NA,"25","21.1",NA
"CENSUS",2022,"YEAR","STATE","PENNSYLVANIA","STRAWBERRIES - OPERATIONS WITH AREA BEARING",NA,NA,NA,NA,NA,NA,NA,"7.2","628"
"CENSUS",2022,"YEAR","STATE","PENNSYLVANIA","STRAWBERRIES - OPERATIONS WITH AREA GROWN",NA,NA,NA,"AREA GROWN"," 0.1 TO 0.9 ACRES",NA,"444","9.3",NA
"CENSUS",2022,"YEAR","STATE","PENNSYLVANIA","STRAWBERRIES - OPERATIONS WITH AREA GROWN",NA,NA,NA,"AREA GROWN"," 1.0 TO 4.9 ACRES",NA,"187","9.9",NA
"CENSUS",2022,"YEAR","STATE","PENNSYLVANIA","STRAWBERRIES - OPERATIONS WITH AREA GROWN",NA,NA,NA,"AREA GROWN"," 15.0 TO 24.9 ACRES",NA,"8","37.5",NA
"CENSUS",2022,"YEAR","STATE","PENNSYLVANIA","STRAWBERRIES - OPERATIONS WITH AREA GROWN",NA,NA,NA,"AREA GROWN"," 5.0 TO 14.9 ACRES",NA,"25","21.1",NA
"CENSUS",2022,"YEAR","STATE","PENNSYLVANIA","STRAWBERRIES - OPERATIONS WITH AREA GROWN",NA,NA,NA,NA,NA,NA,NA,"6.9","664"
"CENSUS",2022,"YEAR","STATE","PENNSYLVANIA","STRAWBERRIES - OPERATIONS WITH AREA NON-BEARING",NA,NA,NA,"AREA GROWN"," 0.1 TO 0.9 ACRES",NA,"89","14.9",NA
"CENSUS",2022,"YEAR","STATE","PENNSYLVANIA","STRAWBERRIES - OPERATIONS WITH AREA NON-BEARING",NA,NA,NA,"AREA GROWN"," 1.0 TO 4.9 ACRES",NA,"51","30.6",NA
"CENSUS",2022,"YEAR","STATE","PENNSYLVANIA","STRAWBERRIES - OPERATIONS WITH AREA NON-BEARING",NA,NA,NA,"AREA GROWN"," 15.0 TO 24.9 ACRES",NA,"4","23.7",NA
"CENSUS",2022,"YEAR","STATE","PENNSYLVANIA","STRAWBERRIES - OPERATIONS WITH AREA NON-BEARING",NA,NA,NA,"AREA GROWN"," 5.0 TO 14.9 ACRES",NA,"9","42.2",NA
"CENSUS",2022,"YEAR","STATE","PENNSYLVANIA","STRAWBERRIES - OPERATIONS WITH AREA NON-BEARING",NA,NA,NA,NA,NA,NA,NA,"8.6","153"
"CENSUS",2022,"YEAR","STATE","RHODE ISLAND","STRAWBERRIES - ACRES BEARING",NA,NA,NA,NA,NA,NA,NA,"7.1","33"
"CENSUS",2022,"YEAR","STATE","RHODE ISLAND","STRAWBERRIES - ACRES GROWN",NA,NA,NA,NA,NA,NA,NA,"8.7","42"
"CENSUS",2022,"YEAR","STATE","RHODE ISLAND","STRAWBERRIES - ACRES NON-BEARING",NA,NA,NA,NA,NA,NA,NA,"15.8","9"
"CENSUS",2022,"YEAR","STATE","RHODE ISLAND","STRAWBERRIES - OPERATIONS WITH AREA BEARING",NA,NA,NA,NA,NA,NA,NA,"22.1","25"
"CENSUS",2022,"YEAR","STATE","RHODE ISLAND","STRAWBERRIES - OPERATIONS WITH AREA GROWN",NA,NA,NA,NA,NA,NA,NA,"13.2","33"
"CENSUS",2022,"YEAR","STATE","RHODE ISLAND","STRAWBERRIES - OPERATIONS WITH AREA NON-BEARING",NA,NA,NA,NA,NA,NA,NA,"33.5","12"
"CENSUS",2022,"YEAR","STATE","SOUTH CAROLINA","STRAWBERRIES - ACRES BEARING",NA,NA,NA,NA,NA,NA,NA,"22.1","707"
"CENSUS",2022,"YEAR","STATE","SOUTH CAROLINA","STRAWBERRIES - ACRES GROWN",NA,NA,NA,NA,NA,NA,NA,"21.7","713"
"CENSUS",2022,"YEAR","STATE","SOUTH CAROLINA","STRAWBERRIES - ACRES NON-BEARING",NA,NA,NA,NA,NA,NA,NA,"27.0","7"
"CENSUS",2022,"YEAR","STATE","SOUTH CAROLINA","STRAWBERRIES - OPERATIONS WITH AREA BEARING",NA,NA,NA,NA,NA,NA,NA,"12.8","171"
"CENSUS",2022,"YEAR","STATE","SOUTH CAROLINA","STRAWBERRIES - OPERATIONS WITH AREA GROWN",NA,NA,NA,NA,NA,NA,NA,"12.3","192"
"CENSUS",2022,"YEAR","STATE","SOUTH CAROLINA","STRAWBERRIES - OPERATIONS WITH AREA NON-BEARING",NA,NA,NA,NA,NA,NA,NA,"28.5","26"
"CENSUS",2022,"YEAR","STATE","SOUTH DAKOTA","STRAWBERRIES - ACRES BEARING",NA,NA,NA,NA,NA,NA,NA,"(D)","(D)"
"CENSUS",2022,"YEAR","STATE","SOUTH DAKOTA","STRAWBERRIES - ACRES GROWN",NA,NA,NA,NA,NA,NA,NA,"(L)","14"
"CENSUS",2022,"YEAR","STATE","SOUTH DAKOTA","STRAWBERRIES - ACRES NON-BEARING",NA,NA,NA,NA,NA,NA,NA,"(D)","(D)"
"CENSUS",2022,"YEAR","STATE","SOUTH DAKOTA","STRAWBERRIES - OPERATIONS WITH AREA BEARING",NA,NA,NA,NA,NA,NA,NA,"(L)","14"
"CENSUS",2022,"YEAR","STATE","SOUTH DAKOTA","STRAWBERRIES - OPERATIONS WITH AREA GROWN",NA,NA,NA,NA,NA,NA,NA,"(L)","16"
"CENSUS",2022,"YEAR","STATE","SOUTH DAKOTA","STRAWBERRIES - OPERATIONS WITH AREA NON-BEARING",NA,NA,NA,NA,NA,NA,NA,"(L)","3"
"CENSUS",2022,"YEAR","STATE","TENNESSEE","STRAWBERRIES - ACRES BEARING",NA,NA,NA,NA,NA,NA,NA,"34.5","129"
"CENSUS",2022,"YEAR","STATE","TENNESSEE","STRAWBERRIES - ACRES GROWN",NA,NA,NA,NA,NA,NA,NA,"37.8","155"
"CENSUS",2022,"YEAR","STATE","TENNESSEE","STRAWBERRIES - ACRES NON-BEARING",NA,NA,NA,NA,NA,NA,NA,"69.5","25"
"CENSUS",2022,"YEAR","STATE","TENNESSEE","STRAWBERRIES - OPERATIONS WITH AREA BEARING",NA,NA,NA,NA,NA,NA,NA,"42.0","145"
"CENSUS",2022,"YEAR","STATE","TENNESSEE","STRAWBERRIES - OPERATIONS WITH AREA GROWN",NA,NA,NA,NA,NA,NA,NA,"44.0","166"
"CENSUS",2022,"YEAR","STATE","TENNESSEE","STRAWBERRIES - OPERATIONS WITH AREA NON-BEARING",NA,NA,NA,NA,NA,NA,NA,"72.3","38"
"CENSUS",2022,"YEAR","STATE","TEXAS","STRAWBERRIES - ACRES BEARING",NA,NA,NA,NA,NA,NA,NA,"54.4","189"
"CENSUS",2022,"YEAR","STATE","TEXAS","STRAWBERRIES - ACRES GROWN",NA,NA,NA,NA,NA,NA,NA,"48.5","225"
"CENSUS",2022,"YEAR","STATE","TEXAS","STRAWBERRIES - ACRES NON-BEARING",NA,NA,NA,NA,NA,NA,NA,"31.9","36"
"CENSUS",2022,"YEAR","STATE","TEXAS","STRAWBERRIES - OPERATIONS WITH AREA BEARING",NA,NA,NA,NA,NA,NA,NA,"21.2","182"
"CENSUS",2022,"YEAR","STATE","TEXAS","STRAWBERRIES - OPERATIONS WITH AREA GROWN",NA,NA,NA,NA,NA,NA,NA,"16.1","221"
"CENSUS",2022,"YEAR","STATE","TEXAS","STRAWBERRIES - OPERATIONS WITH AREA NON-BEARING",NA,NA,NA,NA,NA,NA,NA,"12.7","86"
"CENSUS",2022,"YEAR","STATE","UTAH","STRAWBERRIES - ACRES BEARING",NA,NA,NA,NA,NA,NA,NA,"15.4","7"
"CENSUS",2022,"YEAR","STATE","UTAH","STRAWBERRIES - ACRES GROWN",NA,NA,NA,NA,NA,NA,NA,"14.8","10"
"CENSUS",2022,"YEAR","STATE","UTAH","STRAWBERRIES - ACRES NON-BEARING",NA,NA,NA,NA,NA,NA,NA,"25.2","2"
"CENSUS",2022,"YEAR","STATE","UTAH","STRAWBERRIES - OPERATIONS WITH AREA BEARING",NA,NA,NA,NA,NA,NA,NA,"21.0","41"
"CENSUS",2022,"YEAR","STATE","UTAH","STRAWBERRIES - OPERATIONS WITH AREA GROWN",NA,NA,NA,NA,NA,NA,NA,"19.7","47"
"CENSUS",2022,"YEAR","STATE","UTAH","STRAWBERRIES - OPERATIONS WITH AREA NON-BEARING",NA,NA,NA,NA,NA,NA,NA,"20.9","12"
"CENSUS",2022,"YEAR","STATE","VERMONT","STRAWBERRIES - ACRES BEARING",NA,NA,NA,NA,NA,NA,NA,"21.2","117"
"CENSUS",2022,"YEAR","STATE","VERMONT","STRAWBERRIES - ACRES GROWN",NA,NA,NA,NA,NA,NA,NA,"27.8","168"
"CENSUS",2022,"YEAR","STATE","VERMONT","STRAWBERRIES - ACRES NON-BEARING",NA,NA,NA,NA,NA,NA,NA,"43.7","51"
"CENSUS",2022,"YEAR","STATE","VERMONT","STRAWBERRIES - OPERATIONS WITH AREA BEARING",NA,NA,NA,NA,NA,NA,NA,"27.0","111"
"CENSUS",2022,"YEAR","STATE","VERMONT","STRAWBERRIES - OPERATIONS WITH AREA GROWN",NA,NA,NA,NA,NA,NA,NA,"25.0","125"
"CENSUS",2022,"YEAR","STATE","VERMONT","STRAWBERRIES - OPERATIONS WITH AREA NON-BEARING",NA,NA,NA,NA,NA,NA,NA,"38.5","55"
"CENSUS",2022,"YEAR","STATE","VIRGINIA","STRAWBERRIES - ACRES BEARING",NA,NA,NA,NA,NA,NA,NA,"22.9","205"
"CENSUS",2022,"YEAR","STATE","VIRGINIA","STRAWBERRIES - ACRES GROWN",NA,NA,NA,NA,NA,NA,NA,"21.7","227"
"CENSUS",2022,"YEAR","STATE","VIRGINIA","STRAWBERRIES - ACRES NON-BEARING",NA,NA,NA,NA,NA,NA,NA,"64.7","21"
"CENSUS",2022,"YEAR","STATE","VIRGINIA","STRAWBERRIES - OPERATIONS WITH AREA BEARING",NA,NA,NA,NA,NA,NA,NA,"23.0","203"
"CENSUS",2022,"YEAR","STATE","VIRGINIA","STRAWBERRIES - OPERATIONS WITH AREA GROWN",NA,NA,NA,NA,NA,NA,NA,"22.8","231"
"CENSUS",2022,"YEAR","STATE","VIRGINIA","STRAWBERRIES - OPERATIONS WITH AREA NON-BEARING",NA,NA,NA,NA,NA,NA,NA,"25.4","48"
"CENSUS",2022,"YEAR","STATE","WASHINGTON","STRAWBERRIES - ACRES BEARING",NA,NA,NA,"AREA GROWN"," 0.1 TO 0.9 ACRES",NA,"37","17.4",NA
"CENSUS",2022,"YEAR","STATE","WASHINGTON","STRAWBERRIES - ACRES BEARING",NA,NA,NA,"AREA GROWN"," 1.0 TO 4.9 ACRES",NA,"67","23.5",NA
"CENSUS",2022,"YEAR","STATE","WASHINGTON","STRAWBERRIES - ACRES BEARING",NA,NA,NA,"AREA GROWN"," 100 OR MORE ACRES",NA,"(D)","(D)",NA
"CENSUS",2022,"YEAR","STATE","WASHINGTON","STRAWBERRIES - ACRES BEARING",NA,NA,NA,"AREA GROWN"," 15.0 TO 24.9 ACRES",NA,"149","57.2",NA
"CENSUS",2022,"YEAR","STATE","WASHINGTON","STRAWBERRIES - ACRES BEARING",NA,NA,NA,"AREA GROWN"," 25.0 TO 49.9 ACRES",NA,"(D)","(D)",NA
"CENSUS",2022,"YEAR","STATE","WASHINGTON","STRAWBERRIES - ACRES BEARING",NA,NA,NA,"AREA GROWN"," 5.0 TO 14.9 ACRES",NA,"146","88.3",NA
"CENSUS",2022,"YEAR","STATE","WASHINGTON","STRAWBERRIES - ACRES BEARING",NA,NA,NA,"AREA GROWN"," 50.0 TO 99.9 ACRES",NA,"(D)","(D)",NA
"CENSUS",2022,"YEAR","STATE","WASHINGTON","STRAWBERRIES - ACRES BEARING",NA,NA,NA,NA,NA,NA,NA,"35.2","856"
"CENSUS",2022,"YEAR","STATE","WASHINGTON","STRAWBERRIES - ACRES GROWN",NA,NA,NA,"AREA GROWN"," 0.1 TO 0.9 ACRES",NA,"43","13.3",NA
"CENSUS",2022,"YEAR","STATE","WASHINGTON","STRAWBERRIES - ACRES GROWN",NA,NA,NA,"AREA GROWN"," 1.0 TO 4.9 ACRES",NA,"81","19.7",NA
"CENSUS",2022,"YEAR","STATE","WASHINGTON","STRAWBERRIES - ACRES GROWN",NA,NA,NA,"AREA GROWN"," 100 OR MORE ACRES",NA,"(D)","(D)",NA
"CENSUS",2022,"YEAR","STATE","WASHINGTON","STRAWBERRIES - ACRES GROWN",NA,NA,NA,"AREA GROWN"," 15.0 TO 24.9 ACRES",NA,"189","71.8",NA
"CENSUS",2022,"YEAR","STATE","WASHINGTON","STRAWBERRIES - ACRES GROWN",NA,NA,NA,"AREA GROWN"," 25.0 TO 49.9 ACRES",NA,"(D)","(D)",NA
"CENSUS",2022,"YEAR","STATE","WASHINGTON","STRAWBERRIES - ACRES GROWN",NA,NA,NA,"AREA GROWN"," 5.0 TO 14.9 ACRES",NA,"160","85.5",NA
"CENSUS",2022,"YEAR","STATE","WASHINGTON","STRAWBERRIES - ACRES GROWN",NA,NA,NA,"AREA GROWN"," 50.0 TO 99.9 ACRES",NA,"(D)","(D)",NA
"CENSUS",2022,"YEAR","STATE","WASHINGTON","STRAWBERRIES - ACRES GROWN",NA,NA,NA,NA,NA,NA,NA,"38.7","1,011"
"CENSUS",2022,"YEAR","STATE","WASHINGTON","STRAWBERRIES - ACRES NON-BEARING",NA,NA,NA,"AREA GROWN"," 0.1 TO 0.9 ACRES",NA,"5","39.6",NA
"CENSUS",2022,"YEAR","STATE","WASHINGTON","STRAWBERRIES - ACRES NON-BEARING",NA,NA,NA,"AREA GROWN"," 1.0 TO 4.9 ACRES",NA,"14","39.7",NA
"CENSUS",2022,"YEAR","STATE","WASHINGTON","STRAWBERRIES - ACRES NON-BEARING",NA,NA,NA,"AREA GROWN"," 100 OR MORE ACRES",NA,"(D)","(D)",NA
"CENSUS",2022,"YEAR","STATE","WASHINGTON","STRAWBERRIES - ACRES NON-BEARING",NA,NA,NA,"AREA GROWN"," 15.0 TO 24.9 ACRES",NA,"40","(H)",NA
"CENSUS",2022,"YEAR","STATE","WASHINGTON","STRAWBERRIES - ACRES NON-BEARING",NA,NA,NA,"AREA GROWN"," 25.0 TO 49.9 ACRES",NA,"(D)","(D)",NA
"CENSUS",2022,"YEAR","STATE","WASHINGTON","STRAWBERRIES - ACRES NON-BEARING",NA,NA,NA,"AREA GROWN"," 5.0 TO 14.9 ACRES",NA,"14","95.9",NA
"CENSUS",2022,"YEAR","STATE","WASHINGTON","STRAWBERRIES - ACRES NON-BEARING",NA,NA,NA,"AREA GROWN"," 50.0 TO 99.9 ACRES",NA,"(D)","(D)",NA
"CENSUS",2022,"YEAR","STATE","WASHINGTON","STRAWBERRIES - ACRES NON-BEARING",NA,NA,NA,NA,NA,NA,NA,"97.2","156"
"CENSUS",2022,"YEAR","STATE","WASHINGTON","STRAWBERRIES - OPERATIONS WITH AREA BEARING",NA,NA,NA,"AREA GROWN"," 0.1 TO 0.9 ACRES",NA,"221","18.8",NA
"CENSUS",2022,"YEAR","STATE","WASHINGTON","STRAWBERRIES - OPERATIONS WITH AREA BEARING",NA,NA,NA,"AREA GROWN"," 1.0 TO 4.9 ACRES",NA,"36","21.7",NA
"CENSUS",2022,"YEAR","STATE","WASHINGTON","STRAWBERRIES - OPERATIONS WITH AREA BEARING",NA,NA,NA,"AREA GROWN"," 100 OR MORE ACRES",NA,"2","(L)",NA
"CENSUS",2022,"YEAR","STATE","WASHINGTON","STRAWBERRIES - OPERATIONS WITH AREA BEARING",NA,NA,NA,"AREA GROWN"," 15.0 TO 24.9 ACRES",NA,"9","50.6",NA
"CENSUS",2022,"YEAR","STATE","WASHINGTON","STRAWBERRIES - OPERATIONS WITH AREA BEARING",NA,NA,NA,"AREA GROWN"," 25.0 TO 49.9 ACRES",NA,"1","(L)",NA
"CENSUS",2022,"YEAR","STATE","WASHINGTON","STRAWBERRIES - OPERATIONS WITH AREA BEARING",NA,NA,NA,"AREA GROWN"," 5.0 TO 14.9 ACRES",NA,"16","69.4",NA
"CENSUS",2022,"YEAR","STATE","WASHINGTON","STRAWBERRIES - OPERATIONS WITH AREA BEARING",NA,NA,NA,"AREA GROWN"," 50.0 TO 99.9 ACRES",NA,"2","(H)",NA
"CENSUS",2022,"YEAR","STATE","WASHINGTON","STRAWBERRIES - OPERATIONS WITH AREA BEARING",NA,NA,NA,NA,NA,NA,NA,"16.1","287"
"CENSUS",2022,"YEAR","STATE","WASHINGTON","STRAWBERRIES - OPERATIONS WITH AREA GROWN",NA,NA,NA,"AREA GROWN"," 0.1 TO 0.9 ACRES",NA,"239","13.8",NA
"CENSUS",2022,"YEAR","STATE","WASHINGTON","STRAWBERRIES - OPERATIONS WITH AREA GROWN",NA,NA,NA,"AREA GROWN"," 1.0 TO 4.9 ACRES",NA,"37","21.1",NA
"CENSUS",2022,"YEAR","STATE","WASHINGTON","STRAWBERRIES - OPERATIONS WITH AREA GROWN",NA,NA,NA,"AREA GROWN"," 100 OR MORE ACRES",NA,"2","(L)",NA
"CENSUS",2022,"YEAR","STATE","WASHINGTON","STRAWBERRIES - OPERATIONS WITH AREA GROWN",NA,NA,NA,"AREA GROWN"," 15.0 TO 24.9 ACRES",NA,"10","78.2",NA
"CENSUS",2022,"YEAR","STATE","WASHINGTON","STRAWBERRIES - OPERATIONS WITH AREA GROWN",NA,NA,NA,"AREA GROWN"," 25.0 TO 49.9 ACRES",NA,"1","(L)",NA
"CENSUS",2022,"YEAR","STATE","WASHINGTON","STRAWBERRIES - OPERATIONS WITH AREA GROWN",NA,NA,NA,"AREA GROWN"," 5.0 TO 14.9 ACRES",NA,"16","69.4",NA
"CENSUS",2022,"YEAR","STATE","WASHINGTON","STRAWBERRIES - OPERATIONS WITH AREA GROWN",NA,NA,NA,"AREA GROWN"," 50.0 TO 99.9 ACRES",NA,"2","(H)",NA
"CENSUS",2022,"YEAR","STATE","WASHINGTON","STRAWBERRIES - OPERATIONS WITH AREA GROWN",NA,NA,NA,NA,NA,NA,NA,"11.0","307"
"CENSUS",2022,"YEAR","STATE","WASHINGTON","STRAWBERRIES - OPERATIONS WITH AREA NON-BEARING",NA,NA,NA,"AREA GROWN"," 0.1 TO 0.9 ACRES",NA,"28","53.2",NA
"CENSUS",2022,"YEAR","STATE","WASHINGTON","STRAWBERRIES - OPERATIONS WITH AREA NON-BEARING",NA,NA,NA,"AREA GROWN"," 1.0 TO 4.9 ACRES",NA,"10","42.4",NA
"CENSUS",2022,"YEAR","STATE","WASHINGTON","STRAWBERRIES - OPERATIONS WITH AREA NON-BEARING",NA,NA,NA,"AREA GROWN"," 100 OR MORE ACRES",NA,"1","(L)",NA
"CENSUS",2022,"YEAR","STATE","WASHINGTON","STRAWBERRIES - OPERATIONS WITH AREA NON-BEARING",NA,NA,NA,"AREA GROWN"," 15.0 TO 24.9 ACRES",NA,"4","(H)",NA
"CENSUS",2022,"YEAR","STATE","WASHINGTON","STRAWBERRIES - OPERATIONS WITH AREA NON-BEARING",NA,NA,NA,"AREA GROWN"," 25.0 TO 49.9 ACRES",NA,"1","(L)",NA
"CENSUS",2022,"YEAR","STATE","WASHINGTON","STRAWBERRIES - OPERATIONS WITH AREA NON-BEARING",NA,NA,NA,"AREA GROWN"," 5.0 TO 14.9 ACRES",NA,"4","82.2",NA
"CENSUS",2022,"YEAR","STATE","WASHINGTON","STRAWBERRIES - OPERATIONS WITH AREA NON-BEARING",NA,NA,NA,"AREA GROWN"," 50.0 TO 99.9 ACRES",NA,"2","(H)",NA
"CENSUS",2022,"YEAR","STATE","WASHINGTON","STRAWBERRIES - OPERATIONS WITH AREA NON-BEARING",NA,NA,NA,NA,NA,NA,NA,"44.1","50"
"CENSUS",2022,"YEAR","STATE","WEST VIRGINIA","STRAWBERRIES - ACRES BEARING",NA,NA,NA,NA,NA,NA,NA,"10.2","59"
"CENSUS",2022,"YEAR","STATE","WEST VIRGINIA","STRAWBERRIES - ACRES GROWN",NA,NA,NA,NA,NA,NA,NA,"11.3","65"
"CENSUS",2022,"YEAR","STATE","WEST VIRGINIA","STRAWBERRIES - ACRES NON-BEARING",NA,NA,NA,NA,NA,NA,NA,"37.8","6"
"CENSUS",2022,"YEAR","STATE","WEST VIRGINIA","STRAWBERRIES - OPERATIONS WITH AREA BEARING",NA,NA,NA,NA,NA,NA,NA,"33.4","91"
"CENSUS",2022,"YEAR","STATE","WEST VIRGINIA","STRAWBERRIES - OPERATIONS WITH AREA GROWN",NA,NA,NA,NA,NA,NA,NA,"31.3","116"
"CENSUS",2022,"YEAR","STATE","WEST VIRGINIA","STRAWBERRIES - OPERATIONS WITH AREA NON-BEARING",NA,NA,NA,NA,NA,NA,NA,"29.6","33"
"CENSUS",2022,"YEAR","STATE","WISCONSIN","STRAWBERRIES - ACRES BEARING",NA,NA,NA,"AREA GROWN"," 0.1 TO 0.9 ACRES",NA,"(D)","(D)",NA
"CENSUS",2022,"YEAR","STATE","WISCONSIN","STRAWBERRIES - ACRES BEARING",NA,NA,NA,"AREA GROWN"," 1.0 TO 4.9 ACRES",NA,"115","11.9",NA
"CENSUS",2022,"YEAR","STATE","WISCONSIN","STRAWBERRIES - ACRES BEARING",NA,NA,NA,"AREA GROWN"," 15.0 TO 24.9 ACRES",NA,"136","49.1",NA
"CENSUS",2022,"YEAR","STATE","WISCONSIN","STRAWBERRIES - ACRES BEARING",NA,NA,NA,"AREA GROWN"," 25.0 TO 49.9 ACRES",NA,"(D)","(D)",NA
"CENSUS",2022,"YEAR","STATE","WISCONSIN","STRAWBERRIES - ACRES BEARING",NA,NA,NA,"AREA GROWN"," 5.0 TO 14.9 ACRES",NA,"200","15.8",NA
"CENSUS",2022,"YEAR","STATE","WISCONSIN","STRAWBERRIES - ACRES BEARING",NA,NA,NA,NA,NA,NA,NA,"25.5","529"
"CENSUS",2022,"YEAR","STATE","WISCONSIN","STRAWBERRIES - ACRES GROWN",NA,NA,NA,"AREA GROWN"," 0.1 TO 0.9 ACRES",NA,"(D)","(D)",NA
"CENSUS",2022,"YEAR","STATE","WISCONSIN","STRAWBERRIES - ACRES GROWN",NA,NA,NA,"AREA GROWN"," 1.0 TO 4.9 ACRES",NA,"165","8.4",NA
"CENSUS",2022,"YEAR","STATE","WISCONSIN","STRAWBERRIES - ACRES GROWN",NA,NA,NA,"AREA GROWN"," 15.0 TO 24.9 ACRES",NA,"169","53.3",NA
"CENSUS",2022,"YEAR","STATE","WISCONSIN","STRAWBERRIES - ACRES GROWN",NA,NA,NA,"AREA GROWN"," 25.0 TO 49.9 ACRES",NA,"(D)","(D)",NA
"CENSUS",2022,"YEAR","STATE","WISCONSIN","STRAWBERRIES - ACRES GROWN",NA,NA,NA,"AREA GROWN"," 5.0 TO 14.9 ACRES",NA,"294","24.4",NA
"CENSUS",2022,"YEAR","STATE","WISCONSIN","STRAWBERRIES - ACRES GROWN",NA,NA,NA,NA,NA,NA,NA,"20.0","726"
"CENSUS",2022,"YEAR","STATE","WISCONSIN","STRAWBERRIES - ACRES NON-BEARING",NA,NA,NA,"AREA GROWN"," 0.1 TO 0.9 ACRES",NA,"(D)","(D)",NA
"CENSUS",2022,"YEAR","STATE","WISCONSIN","STRAWBERRIES - ACRES NON-BEARING",NA,NA,NA,"AREA GROWN"," 1.0 TO 4.9 ACRES",NA,"51","9.4",NA
"CENSUS",2022,"YEAR","STATE","WISCONSIN","STRAWBERRIES - ACRES NON-BEARING",NA,NA,NA,"AREA GROWN"," 15.0 TO 24.9 ACRES",NA,"33","82.0",NA
"CENSUS",2022,"YEAR","STATE","WISCONSIN","STRAWBERRIES - ACRES NON-BEARING",NA,NA,NA,"AREA GROWN"," 25.0 TO 49.9 ACRES",NA,"(D)","(D)",NA
"CENSUS",2022,"YEAR","STATE","WISCONSIN","STRAWBERRIES - ACRES NON-BEARING",NA,NA,NA,"AREA GROWN"," 5.0 TO 14.9 ACRES",NA,"94","56.0",NA
"CENSUS",2022,"YEAR","STATE","WISCONSIN","STRAWBERRIES - ACRES NON-BEARING",NA,NA,NA,NA,NA,NA,NA,"20.3","197"
"CENSUS",2022,"YEAR","STATE","WISCONSIN","STRAWBERRIES - OPERATIONS WITH AREA BEARING",NA,NA,NA,"AREA GROWN"," 0.1 TO 0.9 ACRES",NA,"140","10.5",NA
"CENSUS",2022,"YEAR","STATE","WISCONSIN","STRAWBERRIES - OPERATIONS WITH AREA BEARING",NA,NA,NA,"AREA GROWN"," 1.0 TO 4.9 ACRES",NA,"72","5.7",NA
"CENSUS",2022,"YEAR","STATE","WISCONSIN","STRAWBERRIES - OPERATIONS WITH AREA BEARING",NA,NA,NA,"AREA GROWN"," 15.0 TO 24.9 ACRES",NA,"9","48.3",NA
"CENSUS",2022,"YEAR","STATE","WISCONSIN","STRAWBERRIES - OPERATIONS WITH AREA BEARING",NA,NA,NA,"AREA GROWN"," 25.0 TO 49.9 ACRES",NA,"2","(H)",NA
"CENSUS",2022,"YEAR","STATE","WISCONSIN","STRAWBERRIES - OPERATIONS WITH AREA BEARING",NA,NA,NA,"AREA GROWN"," 5.0 TO 14.9 ACRES",NA,"38","27.8",NA
"CENSUS",2022,"YEAR","STATE","WISCONSIN","STRAWBERRIES - OPERATIONS WITH AREA BEARING",NA,NA,NA,NA,NA,NA,NA,"6.5","261"
"CENSUS",2022,"YEAR","STATE","WISCONSIN","STRAWBERRIES - OPERATIONS WITH AREA GROWN",NA,NA,NA,"AREA GROWN"," 0.1 TO 0.9 ACRES",NA,"180","9.3",NA
"CENSUS",2022,"YEAR","STATE","WISCONSIN","STRAWBERRIES - OPERATIONS WITH AREA GROWN",NA,NA,NA,"AREA GROWN"," 1.0 TO 4.9 ACRES",NA,"75","5.5",NA
"CENSUS",2022,"YEAR","STATE","WISCONSIN","STRAWBERRIES - OPERATIONS WITH AREA GROWN",NA,NA,NA,"AREA GROWN"," 15.0 TO 24.9 ACRES",NA,"9","48.3",NA
"CENSUS",2022,"YEAR","STATE","WISCONSIN","STRAWBERRIES - OPERATIONS WITH AREA GROWN",NA,NA,NA,"AREA GROWN"," 25.0 TO 49.9 ACRES",NA,"2","(H)",NA
"CENSUS",2022,"YEAR","STATE","WISCONSIN","STRAWBERRIES - OPERATIONS WITH AREA GROWN",NA,NA,NA,"AREA GROWN"," 5.0 TO 14.9 ACRES",NA,"39","27.1",NA
"CENSUS",2022,"YEAR","STATE","WISCONSIN","STRAWBERRIES - OPERATIONS WITH AREA GROWN",NA,NA,NA,NA,NA,NA,NA,"6.9","305"
"CENSUS",2022,"YEAR","STATE","WISCONSIN","STRAWBERRIES - OPERATIONS WITH AREA NON-BEARING",NA,NA,NA,"AREA GROWN"," 0.1 TO 0.9 ACRES",NA,"60","24.4",NA
"CENSUS",2022,"YEAR","STATE","WISCONSIN","STRAWBERRIES - OPERATIONS WITH AREA NON-BEARING",NA,NA,NA,"AREA GROWN"," 1.0 TO 4.9 ACRES",NA,"45","11.2",NA
"CENSUS",2022,"YEAR","STATE","WISCONSIN","STRAWBERRIES - OPERATIONS WITH AREA NON-BEARING",NA,NA,NA,"AREA GROWN"," 15.0 TO 24.9 ACRES",NA,"6","41.8",NA
"CENSUS",2022,"YEAR","STATE","WISCONSIN","STRAWBERRIES - OPERATIONS WITH AREA NON-BEARING",NA,NA,NA,"AREA GROWN"," 25.0 TO 49.9 ACRES",NA,"1","(H)",NA
"CENSUS",2022,"YEAR","STATE","WISCONSIN","STRAWBERRIES - OPERATIONS WITH AREA NON-BEARING",NA,NA,NA,"AREA GROWN"," 5.0 TO 14.9 ACRES",NA,"27","43.7",NA
"CENSUS",2022,"YEAR","STATE","WISCONSIN","STRAWBERRIES - OPERATIONS WITH AREA NON-BEARING",NA,NA,NA,NA,NA,NA,NA,"14.1","139"
"CENSUS",2022,"YEAR","STATE","WYOMING","STRAWBERRIES - ACRES BEARING",NA,NA,NA,NA,NA,NA,NA,"(D)","(D)"
"CENSUS",2022,"YEAR","STATE","WYOMING","STRAWBERRIES - ACRES GROWN",NA,NA,NA,NA,NA,NA,NA,"67.1","1"
"CENSUS",2022,"YEAR","STATE","WYOMING","STRAWBERRIES - ACRES NON-BEARING",NA,NA,NA,NA,NA,NA,NA,"(D)","(D)"
"CENSUS",2022,"YEAR","STATE","WYOMING","STRAWBERRIES - OPERATIONS WITH AREA BEARING",NA,NA,NA,NA,NA,NA,NA,"89.4","3"
"CENSUS",2022,"YEAR","STATE","WYOMING","STRAWBERRIES - OPERATIONS WITH AREA GROWN",NA,NA,NA,NA,NA,NA,NA,"74.2","6"
"CENSUS",2022,"YEAR","STATE","WYOMING","STRAWBERRIES - OPERATIONS WITH AREA NON-BEARING",NA,NA,NA,NA,NA,NA,NA,"(H)","3"
